City_ID,City,Country,Date,Lat,Lng,Max Temp,Humidity,Cloudiness,Wind Speed
0,Hobart,AU,2022-04-05 15:10:37,-42.8794,147.3294,53.46,70,100,9.22
1,Qaanaaq,GL,2022-04-05 15:10:37,77.484,-69.3632,16.45,90,91,2.17
2,Ushuaia,AR,2022-04-05 15:10:37,-54.8,-68.3,38.86,87,75,31.07
3,Ostrovnoy,RU,2022-04-05 15:10:38,68.0531,39.5131,22.82,89,100,13.38
4,Castro,BR,2022-04-05 15:10:38,-24.7911,-50.0119,77.56,60,25,4.52
5,Punta Arenas,CL,2022-04-05 15:10:38,-53.15,-70.9167,44.71,57,40,20.71
6,Bluff,NZ,2022-04-05 15:10:39,-46.6,168.3333,54.97,76,100,28.3
7,Torbay,CA,2022-04-05 15:10:39,47.6666,-52.7314,40.75,94,100,5.75
8,Rikitea,PF,2022-04-05 15:10:39,-23.1203,-134.9692,78.31,68,5,18.81
9,Zadar,HR,2022-04-05 15:10:40,44.1197,15.2422,57.81,54,40,12.66
10,Busselton,AU,2022-04-05 15:10:40,-33.65,115.3333,57.16,77,57,8.63
11,Puerto Ayora,EC,2022-04-05 15:10:40,-0.7393,-90.3518,82.36,88,72,1.99
12,Port Elizabeth,ZA,2022-04-05 15:10:40,-33.918,25.5701,72.1,58,13,11.01
13,Manono,CD,2022-04-05 15:10:41,-7.3,27.4167,84.58,72,31,3.6
14,Albany,US,2022-04-05 15:06:46,42.6001,-73.9662,49.03,62,56,1.01
15,Rognan,NO,2022-04-05 15:10:41,67.0953,15.3878,30.34,58,96,5.06
16,Georgetown,MY,2022-04-05 15:07:00,5.4112,100.3354,78.73,89,40,3.44
17,Sernur,RU,2022-04-05 15:10:42,56.9333,49.1536,30.88,91,78,9.73
18,Lamu,KE,2022-04-05 15:10:42,-2.2717,40.902,82.96,74,6,14.45
19,Cherskiy,RU,2022-04-05 15:10:42,68.75,161.3,-19.82,99,8,2.3
20,Kloulklubed,PW,2022-04-05 15:10:42,7.0419,134.2556,75.7,75,55,5.32
21,Naliya,IN,2022-04-05 15:10:43,23.2667,68.8333,82.24,56,99,9.98
22,Kavaratti,IN,2022-04-05 15:10:43,10.5669,72.642,83.52,72,9,3.56
23,Tuktoyaktuk,CA,2022-04-05 15:10:43,69.4541,-133.0374,-21.66,99,29,4.07
24,Nisia Floresta,BR,2022-04-05 15:10:44,-6.0911,-35.2086,88.61,64,87,11.92
25,Nikolskoye,RU,2022-04-05 15:10:44,59.7035,30.7861,38.88,94,100,14.2
26,Thompson,CA,2022-04-05 15:10:45,55.7435,-97.8558,26.76,100,100,10.36
27,Sakakah,SA,2022-04-05 15:10:46,29.9697,40.2064,87.42,9,36,6.89
28,Mataura,NZ,2022-04-05 15:10:46,-46.1927,168.8643,51.37,97,100,8.81
29,Mount Isa,AU,2022-04-05 15:10:46,-20.7333,139.5,60.57,25,0,5.75
30,Vila Velha,BR,2022-04-05 15:05:52,-20.3297,-40.2925,91.35,56,40,10.36
31,Sitka,US,2022-04-05 15:10:47,57.0531,-135.33,39.09,70,75,4.61
32,Santander,ES,2022-04-05 15:10:05,43.4647,-3.8044,53.71,63,0,11.01
33,Dondo,MZ,2022-04-05 15:10:47,-19.6094,34.7431,83.71,86,83,6.85
34,Iwanai,JP,2022-04-05 15:10:48,42.9744,140.5089,39.04,93,1,7.18
35,Senneterre,CA,2022-04-05 15:10:48,48.3835,-77.2328,37.47,69,57,3.4
36,Tandalti,SD,2022-04-05 15:10:48,13.0167,31.8667,107.85,8,40,10.22
37,Urucara,BR,2022-04-05 15:10:49,-2.5364,-57.76,82.18,75,99,3.06
38,Maragogi,BR,2022-04-05 15:09:20,-9.0122,-35.2225,83.37,66,78,7.63
39,Atuona,PF,2022-04-05 15:10:49,-9.8,-139.0333,78.93,76,52,22.57
40,Nanortalik,GL,2022-04-05 15:10:49,60.1432,-45.2371,34.75,79,99,3.89
41,Ancud,CL,2022-04-05 15:10:49,-41.8697,-73.8203,56.23,96,100,11.63
42,Machinga,MW,2022-04-05 15:10:50,-15.1685,35.3,76.14,83,38,2.51
43,Pochutla,MX,2022-04-05 15:10:50,15.7432,-96.4661,79.83,48,0,7.09
44,Alta Floresta,BR,2022-04-05 15:10:50,-9.8756,-56.0861,80.35,80,100,2.68
45,Ouegoa,NC,2022-04-05 15:10:51,-20.35,164.4333,75.06,91,100,14.14
46,Tasiilaq,GL,2022-04-05 15:10:51,65.6145,-37.6368,26.76,85,48,4.61
47,Popondetta,PG,2022-04-05 15:11:51,-8.7537,148.2534,73.65,98,93,3.06
48,Necochea,AR,2022-04-05 15:11:52,-38.5473,-58.7368,72.32,31,39,17.56
49,East London,ZA,2022-04-05 15:11:52,-33.0153,27.9116,70.5,67,7,10.13
50,Hermanus,ZA,2022-04-05 15:11:52,-34.4187,19.2345,64.8,68,30,19.82
51,Gornopravdinsk,RU,2022-04-05 15:11:53,60.05,69.9,36.01,92,100,11.59
52,Zasheyek,RU,2022-04-05 15:11:53,67.4066,32.5499,28.94,94,100,16.26
53,Sao Filipe,CV,2022-04-05 15:11:53,14.8961,-24.4956,70.54,72,16,13.87
54,Souillac,MU,2022-04-05 15:11:53,-20.5167,57.5167,77.38,94,75,3.44
55,Quatre Cocos,MU,2022-04-05 15:11:54,-20.2078,57.7625,79.09,84,94,12.24
56,Porto Nacional,BR,2022-04-05 15:11:54,-10.7081,-48.4172,86.0,53,10,3.96
57,Saint-Francois,FR,2022-04-05 15:11:54,46.4154,3.9054,53.04,66,100,6.91
58,Hilo,US,2022-04-05 15:11:55,19.7297,-155.09,69.53,90,75,6.91
59,Kenai,US,2022-04-05 15:11:55,60.5544,-151.2583,32.02,93,100,6.91
60,Lasa,IT,2022-04-05 15:11:55,46.6166,10.7002,60.03,91,75,4.29
61,Cochrane,CA,2022-04-05 15:11:56,51.1834,-114.4687,40.86,34,100,14.97
62,Jyvaskyla,FI,2022-04-05 15:11:56,62.2415,25.7209,33.13,97,100,5.75
63,Bredasdorp,ZA,2022-04-05 15:11:56,-34.5322,20.0403,67.15,51,26,20.38
64,Ponta Do Sol,PT,2022-04-05 15:11:57,32.6667,-17.1,64.0,57,58,7.74
65,Kapaa,US,2022-04-05 15:11:57,22.0752,-159.319,70.2,97,40,16.11
66,Beringovskiy,RU,2022-04-05 15:11:57,63.05,179.3167,-13.32,94,37,8.72
67,Katherine,AU,2022-04-05 15:11:58,-14.4667,132.2667,84.52,61,75,5.75
68,Fortuna,US,2022-04-05 15:11:58,40.5982,-124.1573,42.66,97,75,5.75
69,Karratha,AU,2022-04-05 15:11:58,-20.7377,116.8463,84.79,59,0,12.08
70,Heze,CN,2022-04-05 15:07:56,35.2431,115.4411,61.47,50,1,5.95
71,Saint-Philippe,RE,2022-04-05 15:11:59,-21.3585,55.7679,80.22,86,55,9.13
72,Yellowknife,CA,2022-04-05 15:08:21,62.456,-114.3525,29.41,98,97,5.61
73,Sakaiminato,JP,2022-04-05 15:11:59,35.55,133.2333,54.05,57,100,7.76
74,San Cristobal,VE,2022-04-05 15:11:59,7.7669,-72.225,78.98,44,100,7.14
75,Midland,US,2022-04-05 15:12:00,31.9974,-102.0779,71.65,22,0,17.27
76,Victoria,HK,2022-04-05 15:07:14,22.2855,114.1577,73.18,70,8,1.99
77,Hassan,IN,2022-04-05 15:12:00,13.0006,76.0994,79.56,46,68,3.6
78,Mount Gambier,AU,2022-04-05 15:12:00,-37.8333,140.7667,56.62,87,100,7.16
79,Vaini,TO,2022-04-05 15:12:01,-21.2,-175.2,73.56,100,20,5.75
80,Kaeo,NZ,2022-04-05 15:12:01,-35.1,173.7833,67.32,95,100,4.99
81,Nizhniy Kuranakh,RU,2022-04-05 15:12:01,58.8353,125.4869,14.43,96,100,5.08
82,Tashara,RU,2022-04-05 15:12:02,55.5195,83.5094,43.29,79,100,13.22
83,Bonavista,CA,2022-04-05 15:12:02,48.6499,-53.1147,35.42,85,100,3.83
84,Grand Gaube,MU,2022-04-05 15:12:02,-20.0064,57.6608,79.38,85,74,1.99
85,Tiarei,PF,2022-04-05 15:12:03,-17.5333,-149.3333,77.02,79,19,22.7
86,Palotina,BR,2022-04-05 15:12:03,-24.2839,-53.84,81.82,66,12,5.37
87,Nemuro,JP,2022-04-05 15:12:03,43.3236,145.575,36.97,98,52,19.28
88,New Norfolk,AU,2022-04-05 15:12:04,-42.7826,147.0587,53.1,66,100,1.01
89,Sola,VU,2022-04-05 15:12:04,-13.8833,167.55,82.29,74,96,12.12
90,Prince Rupert,CA,2022-04-05 15:12:04,54.3161,-130.3201,39.56,77,100,15.28
91,Avarua,CK,2022-04-05 15:12:05,-21.2078,-159.775,78.85,89,20,5.75
92,Vao,NC,2022-04-05 15:12:05,-22.6667,167.4833,76.06,87,100,8.43
93,Dingle,PH,2022-04-05 15:12:05,10.9995,122.6711,75.9,91,100,6.46
94,Codrington,AU,2022-04-05 15:12:06,-38.2667,141.9667,59.63,74,100,12.24
95,Villazon,BO,2022-04-05 15:13:06,-22.0866,-65.5942,57.88,45,61,7.31
96,Tilichiki,RU,2022-04-05 15:13:06,60.4667,166.1,5.07,93,100,7.72
97,Hastings,GB,2022-04-05 15:13:07,50.8552,0.5729,60.98,49,88,20.13
98,Hami,CN,2022-04-05 15:13:07,42.8,93.45,65.98,15,0,5.86
99,Honningsvag,NO,2022-04-05 15:13:07,70.9821,25.9704,29.95,69,75,23.02
100,Alpinopolis,BR,2022-04-05 15:13:07,-20.8636,-46.3881,79.79,68,71,1.01
101,Hithadhoo,MV,2022-04-05 15:13:08,-0.6,73.0833,83.34,66,7,4.54
102,Port Alfred,ZA,2022-04-05 15:13:08,-33.5906,26.891,68.18,67,10,3.0
103,Port Blair,IN,2022-04-05 15:13:08,11.6667,92.75,81.41,75,100,6.82
104,Cape Town,ZA,2022-04-05 15:10:35,-33.9258,18.4232,65.26,77,35,4.0
105,Barrow,US,2022-04-05 15:13:09,71.2906,-156.7887,-14.78,76,100,6.91
106,Upernavik,GL,2022-04-05 15:11:14,72.7868,-56.1549,24.12,94,100,6.76
107,Lebu,CL,2022-04-05 15:13:09,-37.6167,-73.65,59.29,75,82,12.88
108,Ribeira Grande,PT,2022-04-05 15:13:10,38.5167,-28.7,64.8,72,75,6.91
109,Christchurch,NZ,2022-04-05 15:12:13,-43.5333,172.6333,62.01,74,51,3.44
110,Juneau,US,2022-04-05 15:13:10,58.3019,-134.4197,39.22,93,100,6.91
111,Arraial Do Cabo,BR,2022-04-05 15:13:11,-22.9661,-42.0278,82.26,78,40,23.02
112,Tuatapere,NZ,2022-04-05 15:13:11,-46.1333,167.6833,53.28,87,100,13.56
113,Peniche,PT,2022-04-05 15:13:11,39.3558,-9.3811,57.92,69,94,12.08
114,Vardo,NO,2022-04-05 15:13:11,70.3705,31.1107,31.98,74,75,28.77
115,Jalu,LY,2022-04-05 15:13:12,29.0331,21.5482,105.8,5,56,6.76
116,Punta Cardon,VE,2022-04-05 15:13:12,11.6581,-70.215,81.82,67,81,24.85
117,Sechura,PE,2022-04-05 15:13:12,-5.5569,-80.8222,78.15,62,46,8.48
118,Lazurne,UA,2022-04-05 15:13:13,46.084,32.5295,45.18,82,1,19.53
119,Ostashkov,RU,2022-04-05 15:13:13,57.1467,33.1075,33.03,96,100,14.74
120,Tiksi,RU,2022-04-05 15:13:14,71.6872,128.8694,-12.84,100,100,2.77
121,Dunedin,NZ,2022-04-05 15:13:14,-45.8742,170.5036,62.8,88,100,3.0
122,Jamestown,US,2022-04-05 15:13:14,42.097,-79.2353,58.59,54,0,6.91
123,Provideniya,RU,2022-04-05 15:13:15,64.3833,-173.3,-1.55,80,83,7.9
124,Ola,RU,2022-04-05 15:13:15,59.5833,151.2833,13.26,91,98,8.1
125,Amarillo,US,2022-04-05 15:10:25,35.222,-101.8313,66.24,29,0,14.97
126,Grimshaw,CA,2022-04-05 15:13:15,56.1834,-117.6027,31.15,75,85,2.82
127,Nelson Bay,AU,2022-04-05 15:13:16,-32.7167,152.15,64.99,94,0,4.94
128,Colares,PT,2022-04-05 15:13:16,38.7992,-9.4469,54.37,66,40,12.66
129,Katsuura,JP,2022-04-05 15:13:16,35.1333,140.3,55.76,76,100,0.96
130,Warrnambool,AU,2022-04-05 15:13:17,-38.3833,142.4833,58.8,76,100,11.92
131,Cozumel,MX,2022-04-05 15:08:51,20.5083,-86.9458,84.27,82,40,15.99
132,Leningradskiy,RU,2022-04-05 15:13:17,69.3833,178.4167,-14.12,88,27,9.17
133,Olafsvik,IS,2022-04-05 15:13:17,64.8945,-23.7142,28.22,61,100,33.15
134,Jamame,SO,2022-04-05 15:13:18,0.0722,42.7506,82.63,70,5,14.12
135,Shu,KZ,2022-04-05 15:13:18,43.5983,73.7614,67.42,32,0,5.99
136,Chokurdakh,RU,2022-04-05 15:13:18,70.6333,147.9167,-14.93,99,97,6.8
137,Kodiak,US,2022-04-05 15:13:19,57.79,-152.4072,22.51,86,0,6.91
138,Vallenar,CL,2022-04-05 15:13:19,-28.5708,-70.7581,79.02,26,0,4.68
139,Emerald,AU,2022-04-05 15:11:09,-23.5333,148.1667,75.34,47,30,15.23
140,Shimoda,JP,2022-04-05 15:13:20,34.6667,138.95,54.1,85,100,1.74
141,Butaritari,KI,2022-04-05 15:14:20,3.0707,172.7902,80.42,83,34,15.84
142,Carnarvon,AU,2022-04-05 15:14:20,-24.8667,113.6333,75.27,83,0,13.8
143,Roald,NO,2022-04-05 15:14:20,62.5833,6.1333,36.91,80,75,8.05
144,Lusambo,CD,2022-04-05 15:14:21,-4.9667,23.45,92.35,39,31,0.45
145,Pathein,MM,2022-04-05 15:14:21,16.7833,94.7333,80.58,73,52,5.08
146,Saint George,US,2022-04-05 15:12:52,37.1041,-113.5841,65.79,27,0,4.61
147,Biak,ID,2022-04-05 15:14:21,-0.9131,122.8766,75.85,85,95,1.41
148,Axim,GH,2022-04-05 15:14:22,4.8699,-2.2405,86.32,68,100,8.57
149,Luderitz,NA,2022-04-05 15:14:22,-26.6481,15.1594,66.63,68,0,17.54
150,Salalah,OM,2022-04-05 15:14:22,17.0151,54.0924,80.69,83,0,9.22
151,Ongandjera,NA,2022-04-05 15:14:23,-17.8833,15.0667,84.69,25,4,4.63
152,Ballina,AU,2022-04-05 15:14:23,-28.8667,153.5667,69.01,97,86,0.87
153,Sabha,LY,2022-04-05 15:14:23,27.0377,14.4283,103.64,4,2,6.6
154,Tacuarembo,UY,2022-04-05 15:09:27,-31.7333,-55.9833,73.08,55,0,5.73
155,Itarema,BR,2022-04-05 15:14:24,-2.9248,-39.9167,85.06,67,61,9.98
156,Natal,BR,2022-04-05 15:13:39,-5.795,-35.2094,88.45,66,75,10.36
157,Viedma,AR,2022-04-05 15:14:24,-40.8135,-62.9967,75.54,29,51,10.96
158,Russell,US,2022-04-05 15:14:25,32.3502,-85.1999,65.48,93,75,11.5
159,Gizo,SB,2022-04-05 15:14:25,-8.103,156.8419,78.58,92,100,12.77
160,Tambacounda,SN,2022-04-05 15:14:25,13.7539,-13.7586,101.86,14,7,7.11
161,Gaya,IN,2022-04-05 15:14:26,24.7833,85.0,80.51,39,0,0.0
162,Khatanga,RU,2022-04-05 15:14:26,71.9667,102.5,-11.65,90,5,8.28
163,Gilgit,PK,2022-04-05 15:14:26,35.9221,74.3087,65.44,38,19,3.62
164,Oranjestad,AW,2022-04-05 15:11:40,12.524,-70.027,78.31,83,76,24.2
165,La Ceiba,HN,2022-04-05 15:14:27,15.7597,-86.7822,84.02,84,20,3.44
166,Cayenne,GF,2022-04-05 15:14:27,4.9333,-52.3333,77.04,1,100,11.5
167,Yulara,AU,2022-04-05 15:14:27,-25.2406,130.9889,78.64,29,11,11.5
168,Corinth,GR,2022-04-05 15:14:28,37.9407,22.9573,69.42,51,1,5.82
169,Sayansk,RU,2022-04-05 15:14:28,54.1088,102.1648,29.23,98,100,5.99
170,Carberry,CA,2022-04-05 15:14:28,49.8689,-99.3602,34.88,78,99,10.89
171,Pevek,RU,2022-04-05 15:14:29,69.7008,170.3133,-24.83,100,70,4.99
172,Rognedino,RU,2022-04-05 15:14:29,53.8015,33.5576,34.27,97,100,18.84
173,Touros,BR,2022-04-05 15:14:29,-5.1989,-35.4608,85.33,64,100,14.54
174,Berlevag,NO,2022-04-05 15:14:30,70.8578,29.0864,28.4,63,100,29.75
175,Namatanai,PG,2022-04-05 15:14:30,-3.6667,152.4333,78.39,88,100,6.98
176,Mar Del Plata,AR,2022-04-05 15:11:14,-38.0023,-57.5575,71.62,43,0,25.32
177,Kyabram,AU,2022-04-05 15:14:31,-36.3167,145.05,52.9,77,9,8.3
178,Cockburn Town,TC,2022-04-05 15:10:54,21.4612,-71.1419,78.31,72,10,12.8
179,Mahebourg,MU,2022-04-05 15:14:31,-20.4081,57.7,79.25,94,75,3.44
180,Port Lincoln,AU,2022-04-05 15:14:31,-34.7333,135.8667,60.87,82,59,15.43
181,Rio Gallegos,AR,2022-04-05 15:14:31,-51.6226,-69.2181,44.65,45,0,23.02
182,San Jose,US,2022-04-05 15:11:00,37.3394,-121.895,54.28,83,20,6.91
183,Sabang,ID,2022-04-05 15:14:32,5.8933,95.3214,79.56,78,100,4.61
184,Stepnoye,RU,2022-04-05 15:14:32,51.4,46.8667,40.48,64,76,8.5
185,Karaton,ID,2022-04-05 15:14:32,-6.3424,106.1045,74.32,92,63,4.41
186,Iskilip,TR,2022-04-05 15:15:33,40.7353,34.4739,59.22,51,100,4.41
187,Kirovskiy,RU,2022-04-05 15:15:33,45.0917,133.5136,33.71,50,31,15.55
188,Berdigestyakh,RU,2022-04-05 15:15:33,62.0989,126.6992,4.78,91,100,8.86
189,Gasan,PH,2022-04-05 15:15:34,13.3237,121.8467,79.23,85,91,8.97
190,Lompoc,US,2022-04-05 15:10:49,34.6391,-120.4579,62.6,76,0,27.0
191,Verkhnedneprovskiy,RU,2022-04-05 15:15:34,54.9813,33.3457,32.86,97,100,18.81
192,Maromitsa,RU,2022-04-05 15:15:35,59.8683,48.0123,28.63,94,68,3.69
193,Hamilton,US,2022-04-05 15:11:07,39.1834,-84.5333,55.26,89,100,6.91
194,Spring Valley,US,2022-04-05 15:13:52,36.108,-115.245,72.95,23,20,12.66
195,Burns Lake,CA,2022-04-05 15:15:35,54.2331,-125.7533,27.82,87,100,4.16
196,Kruisfontein,ZA,2022-04-05 15:15:35,-34.0033,24.7314,69.89,57,20,9.84
197,Surt,LY,2022-04-05 15:15:36,31.2089,16.5887,68.86,68,100,11.9
198,Pozo Colorado,PY,2022-04-05 15:15:36,-23.4923,-58.7972,93.88,41,7,5.95
199,Teahupoo,PF,2022-04-05 15:15:36,-17.8333,-149.2667,71.56,80,57,20.74
200,Tuy Hoa,VN,2022-04-05 15:15:37,13.0833,109.3,74.26,88,92,11.7
201,Broome,US,2022-04-05 15:15:37,42.2506,-75.833,54.9,53,0,9.22
202,Montevideo,UY,2022-04-05 15:13:02,-34.8335,-56.1674,69.51,44,0,8.05
203,Chuy,UY,2022-04-05 15:15:37,-33.6971,-53.4616,70.65,32,0,2.15
204,Cidreira,BR,2022-04-05 15:11:19,-30.1811,-50.2056,71.98,70,100,7.87
205,Sivaki,RU,2022-04-05 15:15:38,52.6333,126.75,22.28,45,100,19.57
206,San Patricio,US,2022-04-05 15:15:38,28.017,-97.5169,77.9,83,100,1.68
207,Bestobe,KZ,2022-04-05 15:15:38,52.4994,73.0975,47.03,80,100,14.65
208,Esik,KZ,2022-04-05 15:15:39,43.3552,77.4525,60.22,50,0,8.08
209,Pervomayskoye,RU,2022-04-05 15:12:56,43.919,46.7102,49.87,68,91,10.18
210,Balabac,PH,2022-04-05 15:15:39,7.9868,117.0645,78.15,88,100,5.75
211,Bethel,US,2022-04-05 15:15:39,41.3712,-73.414,54.46,55,100,4.61
212,Santa Cruz,BO,2022-04-05 15:15:40,-17.8,-63.1667,86.05,58,40,4.61
213,Mantua,IT,2022-04-05 15:15:40,45.1667,10.7833,65.08,46,0,1.99
214,Hambantota,LK,2022-04-05 15:15:40,6.1241,81.1185,80.47,76,38,3.36
215,Laguna,US,2022-04-05 15:15:41,38.421,-121.4238,56.08,79,0,10.36
216,Malkara,TR,2022-04-05 15:15:41,40.89,26.9011,53.65,67,90,4.97
217,Pangnirtung,CA,2022-04-05 15:11:22,66.1451,-65.7125,9.05,89,48,3.62
218,Hervey Bay,AU,2022-04-05 15:15:41,-25.2986,152.8535,74.97,74,3,13.65
219,Caravelas,BR,2022-04-05 15:15:42,-17.7125,-39.2481,86.59,55,0,8.19
220,Saint-Joseph,RE,2022-04-05 15:15:42,-21.3667,55.6167,79.18,85,57,7.74
221,Bijie,CN,2022-04-05 15:15:42,27.3125,105.2942,49.26,76,100,2.66
222,Saskylakh,RU,2022-04-05 15:15:43,71.9167,114.0833,-22.7,100,79,1.88
223,Geraldton,AU,2022-04-05 15:15:43,-28.7667,114.6,66.61,88,9,8.05
224,Norman Wells,CA,2022-04-05 15:15:43,65.282,-126.8329,-12.96,70,20,0.0
225,Sao Joao Da Barra,BR,2022-04-05 15:15:44,-21.6403,-41.0511,89.69,68,100,5.23
226,Tual,ID,2022-04-05 15:15:44,-5.6667,132.75,82.4,69,57,7.4
227,Riyadh,SA,2022-04-05 15:11:51,24.6877,46.7219,95.14,7,0,11.95
228,Balikpapan,ID,2022-04-05 15:15:44,-1.2675,116.8289,77.99,94,20,4.61
229,Longyearbyen,SJ,2022-04-05 15:15:45,78.2186,15.6401,13.84,57,0,12.66
230,Chuka,KE,2022-04-05 15:15:45,-0.3332,37.6459,74.28,57,70,5.37
231,Deputatskiy,RU,2022-04-05 15:16:45,69.3,139.9,-18.08,100,100,2.53
232,Pisco,PE,2022-04-05 15:16:46,-13.7,-76.2167,72.01,68,0,8.05
233,Rabo De Peixe,PT,2022-04-05 15:16:46,37.8,-25.5833,60.31,59,75,10.36
234,Kavieng,PG,2022-04-05 15:16:46,-2.5744,150.7967,79.16,88,100,16.46
235,Wellington,NZ,2022-04-05 15:16:07,-41.2866,174.7756,65.07,91,75,19.57
236,Thinadhoo,MV,2022-04-05 15:16:47,0.5333,72.9333,83.5,70,12,3.71
237,Bardiyah,LY,2022-04-05 15:16:47,31.7561,25.0865,92.53,15,59,16.6
238,Kaitangata,NZ,2022-04-05 15:16:48,-46.2817,169.8464,56.7,95,100,9.24
239,Menongue,AO,2022-04-05 15:16:48,-14.6585,17.691,73.76,69,96,1.59
240,Gondanglegi,ID,2022-04-05 15:16:48,-7.7479,112.0132,75.13,92,100,7.27
241,Flin Flon,CA,2022-04-05 15:16:49,54.7682,-101.865,35.44,64,75,5.75
242,Cimarron Hills,US,2022-04-05 15:16:02,38.8586,-104.6989,60.84,27,0,36.82
243,Aztec,US,2022-04-05 15:16:49,36.8222,-107.9929,58.93,42,0,14.25
244,Yar-Sale,RU,2022-04-05 15:16:49,66.8333,70.8333,24.82,96,100,12.57
245,Hasaki,JP,2022-04-05 15:16:50,35.7333,140.8333,52.29,70,100,3.98
246,Beisfjord,NO,2022-04-05 15:16:50,68.3751,17.5988,26.65,89,100,7.99
247,Sioux Lookout,CA,2022-04-05 15:16:50,50.1001,-91.917,30.27,93,100,9.22
248,Sterling,US,2022-04-05 15:14:11,39.0062,-77.4286,51.37,91,100,3.0
249,Plettenberg Bay,ZA,2022-04-05 15:16:51,-34.0527,23.3716,65.39,70,72,4.83
250,Pimentel,PE,2022-04-05 15:16:51,-6.8367,-79.9342,75.49,64,0,8.05
251,Imbituba,BR,2022-04-05 15:16:51,-28.24,-48.6703,75.94,70,65,9.6
252,Soria,ES,2022-04-05 15:16:52,41.6667,-2.6667,50.86,35,100,9.66
253,Nueva Guinea,NI,2022-04-05 15:16:52,11.6876,-84.4562,79.23,70,66,7.29
254,Praia Da Vitoria,PT,2022-04-05 15:16:52,38.7333,-27.0667,66.45,68,75,6.51
255,Baracoa,CU,2022-04-05 15:16:53,20.3467,-74.4958,83.62,66,5,7.34
256,Najran,SA,2022-04-05 15:16:53,17.4924,44.1277,88.45,6,0,13.53
257,Vuktyl,RU,2022-04-05 15:16:53,63.8567,57.3094,18.99,87,100,11.74
258,Songadh,IN,2022-04-05 15:16:54,21.1667,73.5667,92.93,24,29,1.79
259,Severo-Kurilsk,RU,2022-04-05 15:16:54,50.6789,156.125,31.37,65,1,4.16
260,Hofn,IS,2022-04-05 15:16:54,64.2539,-15.2082,31.05,53,100,15.19
261,Navahrudak,BY,2022-04-05 15:16:55,53.6,25.8333,37.56,70,100,15.03
262,Verkhnevilyuysk,RU,2022-04-05 15:16:55,63.4453,120.3167,-3.53,100,95,3.8
263,Port-Gentil,GA,2022-04-05 15:16:55,-0.7193,8.7815,81.86,80,27,13.58
264,San Javier,ES,2022-04-05 15:16:56,37.8063,-0.8374,52.12,76,100,20.0
265,Batagay-Alyta,RU,2022-04-05 15:16:56,67.8006,130.4114,-12.75,100,99,4.63
266,Mutoko,ZW,2022-04-05 15:16:56,-17.397,32.2268,74.34,64,88,3.29
267,Bengkulu,ID,2022-04-05 15:16:57,-3.8004,102.2655,77.7,81,100,5.57
268,Paungde,MM,2022-04-05 15:16:57,18.4833,95.5,86.0,50,17,6.64
269,Wanganui,NZ,2022-04-05 15:16:57,-39.9333,175.05,63.59,88,100,1.99
270,North Bend,US,2022-04-05 15:16:58,43.4065,-124.2243,42.71,100,100,9.22
271,Saint-Augustin,CA,2022-04-05 15:16:58,51.226,-58.6502,31.1,95,100,14.88
272,Ciparay,ID,2022-04-05 15:17:58,-7.4249,108.4742,75.29,96,94,1.14
273,Meulaboh,ID,2022-04-05 15:17:59,4.1363,96.1285,78.82,83,100,2.24
274,Vila Franca Do Campo,PT,2022-04-05 15:17:59,37.7167,-25.4333,61.21,52,100,0.58
275,Wexford,IE,2022-04-05 15:17:59,52.3342,-6.4575,57.22,72,86,19.37
276,Te Anau,NZ,2022-04-05 15:17:59,-45.4167,167.7167,56.25,91,100,4.97
277,Corinto,GR,2022-04-05 15:14:28,37.9407,22.9573,69.42,51,1,5.82
278,Taoudenni,ML,2022-04-05 15:18:00,22.6783,-3.9836,99.0,13,0,7.74
279,Redcar,GB,2022-04-05 15:18:00,54.6166,-1.06,54.09,77,100,15.01
280,Umm Kaddadah,SD,2022-04-05 15:18:00,13.6017,26.6876,103.15,8,45,16.17
281,Narsaq,GL,2022-04-05 15:18:01,60.9167,-46.05,44.82,50,94,3.94
282,Lavrentiya,RU,2022-04-05 15:18:01,65.5833,-171.0,-7.51,91,87,9.55
283,Graciano Sanchez,MX,2022-04-05 15:18:01,23.9167,-99.2833,74.35,27,5,6.13
284,Avera,US,2022-04-05 15:18:02,33.194,-82.5271,65.71,75,77,16.2
285,Kahului,US,2022-04-05 15:18:02,20.8947,-156.47,73.85,76,0,7.0
286,Fairbanks,US,2022-04-05 15:18:02,64.8378,-147.7164,11.82,79,100,0.0
287,Pelym,RU,2022-04-05 15:18:03,61.0108,61.9978,28.92,97,100,5.1
288,Iquitos,PE,2022-04-05 15:14:40,-3.7481,-73.2472,86.04,66,20,4.61
289,Alyangula,AU,2022-04-05 15:18:03,-13.8483,136.4192,83.46,70,85,5.21
290,Bo Phloi,TH,2022-04-05 15:18:04,14.3236,99.5161,85.32,45,40,5.1
291,Cassilandia,BR,2022-04-05 15:16:59,-19.1133,-51.7342,87.82,44,0,6.64
292,Srednekolymsk,RU,2022-04-05 15:18:04,67.45,153.6833,-23.33,100,95,0.6
293,Omis,HR,2022-04-05 15:18:04,43.4447,16.6886,60.73,61,4,6.51
294,Bay Roberts,CA,2022-04-05 15:18:05,47.5999,-53.2648,40.75,91,100,1.01
295,Pecos,US,2022-04-05 15:14:03,31.4229,-103.4932,75.29,17,0,19.57
296,Staryy Nadym,RU,2022-04-05 15:18:05,65.6118,72.6842,32.14,99,100,17.2
297,Bonthe,SL,2022-04-05 15:18:06,7.5264,-12.505,87.33,56,4,13.42
298,Istanbul,TR,2022-04-05 15:17:40,41.0351,28.9833,55.56,76,75,6.91
299,Goderich,CA,2022-04-05 15:18:06,43.7501,-81.7165,43.12,81,100,5.75
300,Cap Malheureux,MU,2022-04-05 15:18:06,-19.9842,57.6142,79.47,85,74,3.0
301,Petropavlovsk-Kamchatskiy,RU,2022-04-05 15:18:07,53.0452,158.6483,36.19,70,0,13.42
302,Robertsport,LR,2022-04-05 15:18:07,6.7533,-11.3686,82.31,75,7,12.08
303,Yuzhno-Kurilsk,RU,2022-04-05 15:18:07,44.0306,145.8556,37.98,98,97,14.94
304,Miraflores,MX,2022-04-05 15:18:07,19.2167,-98.8083,71.02,24,5,4.68
305,Dikson,RU,2022-04-05 15:18:08,73.5069,80.5464,5.41,74,100,17.38
306,San Policarpo,PH,2022-04-05 15:18:08,12.1791,125.5072,79.86,85,100,13.49
307,Paragould,US,2022-04-05 15:14:14,36.0584,-90.4973,56.84,95,100,5.66
308,Okhotsk,RU,2022-04-05 15:18:09,59.3833,143.3,14.7,88,100,9.24
309,Buraydah,SA,2022-04-05 15:18:09,26.326,43.975,93.65,7,0,6.6
310,Esperance,AU,2022-04-05 15:18:09,-33.8667,121.9,62.42,65,76,7.23
311,Wakuya,JP,2022-04-05 15:18:10,38.5333,141.1333,44.98,94,60,4.34
312,Iqaluit,CA,2022-04-05 15:18:10,63.7506,-68.5145,6.53,71,75,23.02
313,Xining,CN,2022-04-05 15:14:06,36.6167,101.7667,49.33,29,30,9.28
314,Kadoma,JP,2022-04-05 15:18:10,34.7333,135.5833,57.2,55,100,4.61
315,Flinders,AU,2022-04-05 15:18:11,-34.5833,150.8552,68.38,87,100,5.99
316,Havre De Grace,US,2022-04-05 15:18:11,39.5493,-76.0916,57.22,77,100,8.57
317,Bilibino,RU,2022-04-05 15:19:11,68.0546,166.4372,-18.71,92,4,5.1
318,Kieta,PG,2022-04-05 15:19:11,-6.2167,155.6333,78.42,88,100,6.71
319,Qasigiannguit,GL,2022-04-05 15:19:12,68.8193,-51.1922,32.25,83,72,2.06
320,Blairmore,CA,2022-04-05 15:19:12,49.6,-114.4353,36.52,44,100,16.11
321,Bonwapitse,BW,2022-04-05 15:19:12,-23.0766,26.7037,84.65,26,9,8.84
322,Hohhot,CN,2022-04-05 15:19:13,40.8106,111.6522,50.29,25,0,8.95
323,Flic En Flac,MU,2022-04-05 15:19:13,-20.2742,57.3631,80.53,82,100,9.04
324,San Andres,CO,2022-04-05 15:19:13,12.5847,-81.7006,84.22,74,75,14.97
325,Clyde River,CA,2022-04-05 15:19:14,70.4692,-68.5914,7.03,78,20,4.61
326,Umm Lajj,SA,2022-04-05 15:19:14,25.0213,37.2685,81.82,51,5,4.85
327,Piney Green,US,2022-04-05 15:15:39,34.716,-77.3202,76.01,54,75,8.05
328,Adrar,MR,2022-04-05 15:19:14,20.5022,-10.0711,92.14,14,0,9.13
329,Juegang,CN,2022-04-05 15:19:15,32.3174,121.1855,53.91,86,13,7.11
330,Agadez,NE,2022-04-05 15:19:15,19.75,10.25,103.75,4,29,11.74
331,Faya,SA,2022-04-05 15:19:15,18.3851,42.4509,75.72,14,1,3.36
332,Bonfim,BR,2022-04-05 15:19:16,3.0833,-59.95,85.03,60,80,7.9
333,Liwale,TZ,2022-04-05 15:19:16,-9.7667,37.9333,76.53,90,7,1.86
334,Maarianhamina,AX,2022-04-05 15:19:16,60.0973,19.9348,31.86,55,20,13.8
335,Cabo San Lucas,MX,2022-04-05 15:16:46,22.8909,-109.9124,70.52,75,40,2.3
336,Lancaster,US,2022-04-05 15:19:17,40.2504,-76.2499,52.99,70,40,5.01
337,Manado,ID,2022-04-05 15:19:17,1.487,124.8455,75.97,100,40,2.3
338,Osinovo,RU,2022-04-05 15:19:17,55.8809,48.881,33.89,93,54,7.72
339,Connersville,US,2022-04-05 15:19:18,39.6412,-85.1411,54.36,77,100,8.01
340,Lukovetskiy,RU,2022-04-05 15:19:18,64.2956,41.9211,32.09,80,99,10.47
341,Gritsovskiy,RU,2022-04-05 15:19:18,54.1376,38.1604,34.12,75,100,15.66
342,Gamboula,CF,2022-04-05 15:19:19,4.1178,15.1393,92.86,34,100,7.18
343,Matagami,CA,2022-04-05 15:19:19,49.7502,-77.6328,35.71,38,0,0.0
344,Parabel,RU,2022-04-05 15:19:19,58.6978,81.4825,41.79,85,100,14.61
345,Neuquen,AR,2022-04-05 15:19:20,-38.9516,-68.0591,67.89,49,0,9.22
346,Shangrao,CN,2022-04-05 15:19:20,28.4532,117.9686,58.5,86,57,0.67
347,Nome,US,2022-04-05 15:19:20,64.5011,-165.4064,6.87,61,0,4.61
348,Camacha,PT,2022-04-05 15:19:20,33.0833,-16.3333,62.02,55,40,19.57
349,Wawa,NG,2022-04-05 15:19:21,9.9022,4.4192,101.46,26,95,3.4
350,Bima,ID,2022-04-05 15:19:21,-8.4667,118.7167,75.94,94,30,4.43
351,Taft,IR,2022-04-05 15:19:21,31.7471,54.2088,82.35,7,0,6.91
352,Hualmay,PE,2022-04-05 15:19:22,-11.0964,-77.6139,72.95,75,55,7.61
353,Ust-Omchug,RU,2022-04-05 15:19:22,61.15,149.6333,-9.9,100,85,3.22
354,Grindavik,IS,2022-04-05 15:19:22,63.8424,-22.4338,30.67,64,75,27.63
355,Aklavik,CA,2022-04-05 15:19:23,68.2191,-135.0107,-25.6,75,20,3.44
356,Korla,CN,2022-04-05 15:19:23,41.7597,86.1469,66.22,21,17,6.4
357,Strathmore,CA,2022-04-05 15:19:23,51.0501,-113.3852,42.87,58,100,19.57
358,Synya,RU,2022-04-05 15:19:24,65.3718,58.0387,17.55,91,100,8.19
359,Bodrum,TR,2022-04-05 15:19:13,37.0383,27.4292,73.33,72,100,19.51
360,Puerto El Triunfo,SV,2022-04-05 15:19:24,13.2833,-88.55,86.88,54,35,2.86
361,Polignano A Mare,IT,2022-04-05 15:19:24,40.9959,17.2159,61.68,62,0,9.31
362,Ust-Kan,RU,2022-04-05 15:19:25,50.9276,84.761,39.47,72,21,4.99
363,Vangaindrano,MG,2022-04-05 15:19:25,-23.35,47.6,76.66,85,0,4.85
364,Kargil,IN,2022-04-05 15:19:25,34.5667,76.1,31.98,64,2,5.03
365,Suntar,RU,2022-04-05 15:20:26,62.1444,117.6319,-3.1,100,98,1.79
366,Ust-Nera,RU,2022-04-05 15:20:26,64.5667,143.2,-11.25,100,64,4.61
367,Ambulu,ID,2022-04-05 15:20:26,-8.345,113.6058,76.5,87,64,2.53
368,Sandane,NO,2022-04-05 15:20:27,61.7728,6.215,38.61,69,75,9.22
369,Kudat,MY,2022-04-05 15:20:27,6.8837,116.8477,76.93,94,20,2.3
370,Verkhoyansk,RU,2022-04-05 15:20:27,67.5447,133.385,-14.22,100,79,0.92
371,Constitucion,CL,2022-04-05 15:20:28,-35.3333,-72.4167,65.44,48,0,5.03
372,Westport,US,2022-04-05 15:18:02,41.1415,-73.3579,55.72,55,94,3.0
373,Lahijan,IR,2022-04-05 15:20:28,37.2061,50.0029,60.58,66,0,7.14
374,Kamenka,RU,2022-04-05 15:20:28,51.3223,42.7678,40.41,58,88,7.61
375,Basna,IN,2022-04-05 15:20:29,21.2833,82.8167,93.15,16,14,4.14
376,Alofi,NU,2022-04-05 15:20:29,-19.0595,-169.9187,73.29,100,100,1.14
377,Mayo,US,2022-04-05 15:20:29,38.8876,-76.5119,53.04,90,100,9.22
378,Ouricuri,BR,2022-04-05 15:20:30,-7.8825,-40.0817,90.82,34,78,8.08
379,Beloha,MG,2022-04-05 15:20:30,-25.1667,45.05,78.42,67,52,7.58
380,Zemio,CF,2022-04-05 15:20:30,5.0314,25.1361,74.52,75,84,4.32
381,Coahuayana,MX,2022-04-05 15:20:31,18.7333,-103.6833,76.98,42,11,1.16
382,Japura,ID,2022-04-05 15:20:31,-0.3167,102.35,75.33,95,94,2.15
383,Gurun,MY,2022-04-05 15:20:31,5.8172,100.4738,76.78,95,100,3.33
384,Komsomolskiy,UZ,2022-04-05 15:20:32,40.4272,71.7189,74.12,27,0,0.0
385,Tahta,EG,2022-04-05 15:20:32,26.7693,31.5021,104.02,4,1,15.48
386,Surgut,RU,2022-04-05 15:20:32,61.25,73.4167,39.38,93,75,13.42
387,Goksun,TR,2022-04-05 15:20:33,38.021,36.4973,54.82,48,100,9.35
388,Atar,MR,2022-04-05 15:20:33,20.5169,-13.0499,90.52,14,0,9.01
389,Poum,NC,2022-04-05 15:20:33,-20.2333,164.0167,76.89,87,100,30.27
390,Yumen,CN,2022-04-05 15:20:34,40.2833,97.2,57.27,13,23,12.55
391,Schladming,AT,2022-04-05 15:20:34,47.3929,13.687,47.53,100,99,3.87
392,Iguape,BR,2022-04-05 15:20:34,-24.7081,-47.5553,74.97,90,98,8.66
393,Rizhao,CN,2022-04-05 15:20:34,35.4275,119.4553,53.28,76,0,4.5
394,Nouadhibou,MR,2022-04-05 15:20:35,20.931,-17.0347,71.58,60,0,18.41
395,Oktyabrskiy,RU,2022-04-05 15:20:35,54.4815,53.471,27.57,88,36,6.82
396,Saldanha,ZA,2022-04-05 15:20:35,-33.0117,17.9442,66.25,73,8,9.57
397,Guerrero Negro,MX,2022-04-05 15:20:36,27.9769,-114.0611,60.06,80,52,3.96
398,Lagoa,PT,2022-04-05 15:20:36,39.05,-27.9833,59.79,78,88,10.94
399,Sehithwa,BW,2022-04-05 15:20:36,-20.4667,22.7167,89.56,26,44,4.5
400,Berezovyy,RU,2022-04-05 15:20:37,51.6667,135.7,20.8,96,100,2.86
401,Ayame,CI,2022-04-05 15:20:37,5.6083,-3.1563,89.33,56,85,7.25
402,Asau,RO,2022-04-05 15:20:37,46.4333,26.4,54.52,49,44,11.65
403,Baykit,RU,2022-04-05 15:20:37,61.67,96.37,21.88,99,100,2.37
404,Monster,NL,2022-04-05 15:20:38,52.0258,4.175,53.98,77,100,14.97
405,Port Macquarie,AU,2022-04-05 15:20:38,-31.4333,152.9167,64.29,94,75,0.0
406,Buin,CL,2022-04-05 15:20:38,-33.7333,-70.75,75.06,20,0,3.6
407,Egvekinot,RU,2022-04-05 15:20:39,66.3167,-179.1667,-10.79,75,95,7.7
408,Jibuti,DJ,2022-04-05 15:15:49,11.5,42.5,83.5,27,28,12.62
409,Eichstatt,DE,2022-04-05 15:20:39,48.8833,11.1833,48.61,71,75,14.97
410,Sur,OM,2022-04-05 15:21:39,22.5667,59.5289,86.43,44,3,10.36
411,Yvetot,FR,2022-04-05 15:21:40,49.6174,0.7581,56.14,81,94,15.66
412,Pitimbu,BR,2022-04-05 15:21:40,-7.4706,-34.8086,86.59,69,96,11.77
413,Nishihara,JP,2022-04-05 15:21:40,26.1842,127.7558,67.28,65,75,6.91
414,Kulhudhuffushi,MV,2022-04-05 15:21:17,6.6221,73.07,84.24,68,99,5.06
415,Urumqi,CN,2022-04-05 15:21:41,43.801,87.6005,61.75,25,0,2.24
416,Kutum,SD,2022-04-05 15:21:41,14.2,24.6667,95.34,8,5,11.27
417,Vanderhoof,CA,2022-04-05 15:21:41,54.0166,-124.0198,33.6,75,100,8.46
418,Livno,BA,2022-04-05 15:21:42,43.8269,17.0078,50.49,57,2,4.59
419,Botro,CI,2022-04-05 15:21:42,7.8525,-5.3106,101.73,28,32,5.66
420,Nhulunbuy,AU,2022-04-05 15:21:42,-12.2333,136.7667,81.21,83,61,0.0
421,Solihull,GB,2022-04-05 15:19:48,52.4143,-1.7809,56.75,57,75,19.57
422,Gamba,GA,2022-04-05 15:21:43,-2.65,10.0,82.13,74,55,11.5
423,Aksay,RU,2022-04-05 15:21:43,47.26,39.87,50.25,37,12,11.01
424,Mae Chan,TH,2022-04-05 15:21:43,20.1467,99.8526,74.86,48,68,2.37
425,Alamosa,US,2022-04-05 15:21:44,37.4695,-105.87,46.38,46,0,3.44
426,Uvinza,TZ,2022-04-05 15:21:44,-5.1036,30.3911,78.33,79,56,1.9
427,Port Hedland,AU,2022-04-05 15:21:44,-20.3167,118.5667,82.45,78,3,5.75
428,Palmer,US,2022-04-05 15:21:45,42.1584,-72.3287,55.65,37,75,6.91
429,Samus,RU,2022-04-05 15:21:45,56.7475,84.6992,39.67,91,100,10.8
430,Port Augusta,AU,2022-04-05 15:21:45,-32.5,137.7667,69.96,36,62,7.18
431,Sarangani,PH,2022-04-05 15:21:45,5.4033,125.4636,80.46,80,100,12.01
432,Bagdarin,RU,2022-04-05 15:21:46,54.4333,113.6,2.82,89,70,3.76
433,Hokitika,NZ,2022-04-05 15:21:46,-42.7167,170.9667,61.16,92,99,7.78
434,Huarmey,PE,2022-04-05 15:21:46,-10.0681,-78.1522,73.08,76,37,7.58
435,Terre-De-Bas,GP,2022-04-05 15:21:47,15.8501,-61.6442,83.98,70,60,18.79
436,Tabuk,PH,2022-04-05 15:21:47,17.4189,121.4443,72.9,90,100,4.5
437,Pedro Ii,BR,2022-04-05 15:21:47,-4.4247,-41.4586,79.54,70,98,4.21
438,Lata,PT,2022-04-05 15:21:48,40.1629,-8.3327,57.81,34,92,3.58
439,Sambava,MG,2022-04-05 15:21:48,-14.2667,50.1667,79.74,85,99,7.58
440,Pontianak,ID,2022-04-05 15:21:48,-0.0333,109.3333,75.18,94,40,2.3
441,Puerto Carreno,CO,2022-04-05 15:21:49,6.189,-67.4859,88.52,57,100,2.01
442,Sisimiut,GL,2022-04-05 15:21:49,66.9395,-53.6735,29.66,87,93,4.05
443,Tura,IN,2022-04-05 15:21:49,25.5198,90.2201,73.83,79,1,4.72
444,Boddam,GB,2022-04-05 15:17:21,57.4667,-1.7833,35.98,99,100,12.21
445,Lahaina,US,2022-04-05 15:21:50,20.8783,-156.6825,73.81,87,100,6.46
446,Pitkyaranta,RU,2022-04-05 15:21:50,61.5734,31.4792,32.61,97,100,21.65
447,Bambous Virieux,MU,2022-04-05 15:21:50,-20.3428,57.7575,80.22,94,75,3.44
448,Miles City,US,2022-04-05 15:21:51,46.4083,-105.8406,43.77,39,0,28.77
449,Walvis Bay,NA,2022-04-05 15:21:51,-22.9575,14.5053,72.55,53,0,14.97
450,Araceli,PH,2022-04-05 15:21:51,10.5529,119.9913,82.17,77,100,19.42
451,Fort Nelson,CA,2022-04-05 15:21:52,58.8053,-122.7002,18.99,79,20,3.44
452,Abha,SA,2022-04-05 15:21:52,18.2164,42.5053,75.45,16,0,4.61
453,Kudahuvadhoo,MV,2022-04-05 15:21:52,2.6708,72.8944,83.82,62,70,1.34
454,Usinsk,RU,2022-04-05 15:21:52,65.9939,57.5281,14.18,91,100,11.68
455,Buchanan,LR,2022-04-05 15:21:53,5.8808,-10.0467,86.36,67,66,7.87
456,Pokaran,IN,2022-04-05 15:21:53,26.9167,71.9167,90.91,9,68,5.21
457,Aquiraz,BR,2022-04-05 15:22:53,-3.9014,-38.3911,86.09,64,23,9.82
458,Haines Junction,CA,2022-04-05 15:22:54,60.7522,-137.5108,24.75,68,99,3.44
459,Bontang,ID,2022-04-05 15:22:54,0.1333,117.5,77.29,85,96,6.53
460,Krasnoselkup,RU,2022-04-05 15:22:54,65.7,82.4667,34.38,100,100,15.37
461,Vanimo,PG,2022-04-05 15:22:55,-2.6741,141.3028,77.49,85,100,4.92
462,Williams Lake,CA,2022-04-05 15:21:56,52.1415,-122.1445,36.97,76,75,6.91
463,Aykhal,RU,2022-04-05 15:22:55,66.0,111.5,-8.16,100,78,3.6
464,Hobyo,SO,2022-04-05 15:22:55,5.3505,48.5268,82.29,70,6,11.54
465,Sainte-Rose,GP,2022-04-05 15:22:56,16.3324,-61.6979,84.24,54,0,14.97
466,Nizhnyaya Tavda,RU,2022-04-05 15:22:56,57.6731,66.1725,35.38,74,89,14.5
467,La Tijera,MX,2022-04-05 15:22:56,19.9,-104.4,66.36,27,36,2.01
468,Pokhara,NP,2022-04-05 15:22:57,28.2333,83.9833,74.57,35,38,6.15
469,Tautira,PF,2022-04-05 15:22:57,-17.7333,-149.15,81.39,80,65,20.65
470,Tianpeng,CN,2022-04-05 15:22:57,30.9866,103.9393,59.47,81,82,4.07
471,Varkaus,FI,2022-04-05 15:22:58,62.3153,27.873,33.31,97,100,14.0
472,Anadyr,RU,2022-04-05 15:22:58,64.75,177.4833,-12.5,77,0,11.18
473,Ixtapa,MX,2022-04-05 15:22:31,20.7,-105.2,74.23,68,0,1.99
474,Tralee,IE,2022-04-05 15:22:58,52.2704,-9.7026,53.85,71,100,24.16
475,Sorland,NO,2022-04-05 15:22:59,67.667,12.6934,33.44,48,28,26.02
476,Simao,CN,2022-04-05 15:22:59,22.7886,100.9748,62.69,83,26,2.59
477,Kholodnyy,RU,2022-04-05 15:22:59,62.7167,147.95,-11.18,100,93,4.92
478,Ravar,IR,2022-04-05 15:23:00,31.2656,56.8055,80.29,9,63,3.89
479,Oistins,BB,2022-04-05 15:23:00,13.0667,-59.5333,75.29,83,75,5.75
480,Los Ranchos De Albuquerque,US,2022-04-05 15:23:00,35.162,-106.6428,64.94,24,0,8.01
481,Tromso,NO,2022-04-05 15:23:01,69.6496,18.957,29.37,64,75,21.85
482,Upata,VE,2022-04-05 15:23:01,8.0086,-62.3989,84.87,53,89,7.43
483,Sistranda,NO,2022-04-05 15:22:15,63.7256,8.834,35.56,51,72,17.38
484,Kiruna,SE,2022-04-05 15:23:01,67.8557,20.2251,20.32,93,100,13.8
485,Dekar,BW,2022-04-05 15:23:02,-21.5333,21.9333,85.55,23,0,6.87
486,Half Moon Bay,US,2022-04-05 15:18:31,37.4636,-122.4286,54.82,83,0,6.91
487,Ciudad Real,ES,2022-04-05 15:23:02,39.0,-4.0,38.14,96,100,5.99
488,Mogadishu,SO,2022-04-05 15:23:02,2.0371,45.3438,82.24,74,4,16.75
489,Port Shepstone,ZA,2022-04-05 15:23:03,-30.7414,30.455,75.15,69,53,8.32
490,Kasongo-Lunda,CD,2022-04-05 15:23:03,-6.4667,16.8167,82.96,72,100,2.98
491,Pombas,CV,2022-04-05 15:23:03,17.1503,-25.0201,74.98,71,7,10.63
492,Rawson,AR,2022-04-05 15:23:04,-43.3002,-65.1023,72.63,38,13,26.73
493,Srinagar,IN,2022-04-05 15:23:04,34.0833,74.8167,61.86,36,23,4.5
494,Columbia,US,2022-04-05 15:23:04,34.0007,-81.0348,73.47,70,100,16.11
495,Acapulco,MX,2022-04-05 15:19:42,16.8634,-99.8901,76.82,73,0,4.61
496,Richards Bay,ZA,2022-04-05 15:23:05,-28.783,32.0377,77.7,75,2,9.91
497,La Sarre,CA,2022-04-05 15:23:05,48.8002,-79.1996,35.49,79,50,4.9
498,Rurrenabaque,BO,2022-04-05 15:23:05,-14.4413,-67.5278,89.49,70,75,4.61
499,Nsanje,MW,2022-04-05 15:23:05,-16.92,35.262,81.79,83,79,4.38
500,Belfort,FR,2022-04-05 15:23:06,47.6333,6.8667,54.07,92,100,4.79
501,Paamiut,GL,2022-04-05 15:23:06,61.994,-49.6678,32.09,90,97,2.73
502,Coquimbo,CL,2022-04-05 15:23:07,-29.9533,-71.3436,55.13,100,100,9.22
503,Trebinje,BA,2022-04-05 15:21:33,42.7119,18.3442,59.34,62,0,17.27
504,Dodola,ET,2022-04-05 15:24:07,6.9833,39.1833,70.52,31,47,6.31
505,Margate,GB,2022-04-05 15:24:07,51.3813,1.3862,61.11,70,97,1.01
506,Mirnyy,RU,2022-04-05 15:24:08,62.5353,113.9611,-5.24,100,81,2.68
507,Sao Miguel Do Araguaia,BR,2022-04-05 15:24:08,-13.275,-50.1628,87.17,51,9,4.34
508,Veraval,IN,2022-04-05 15:24:08,20.9,70.3667,80.06,72,7,10.16
509,Manggar,ID,2022-04-05 15:24:08,-2.8833,108.2667,77.77,85,30,4.09
510,Filadelfia,US,2022-04-05 15:22:43,39.9523,-75.1638,56.34,59,100,6.91
511,Mansa,IN,2022-04-05 15:24:09,29.9833,75.3833,84.22,7,1,6.35
512,Marfino,RU,2022-04-05 15:24:09,55.7028,37.3822,37.65,51,75,24.61
513,Alexandria,EG,2022-04-05 15:24:10,31.2156,29.9553,82.67,26,85,7.16
514,Rubtsovsk,RU,2022-04-05 15:24:10,51.5,81.25,42.85,72,41,16.69
515,Kampong Cham,KH,2022-04-05 15:24:10,11.9934,105.4635,81.9,60,100,4.9
516,Hwange,ZW,2022-04-05 15:24:10,-18.3693,26.5019,76.87,67,99,1.95
517,Hinche,HT,2022-04-05 15:24:11,19.15,-72.0167,87.15,47,4,2.66
518,Aripuana,BR,2022-04-05 15:24:11,-9.1667,-60.6333,85.39,67,70,3.47
519,Jardim,BR,2022-04-05 15:24:12,-21.4803,-56.1381,90.68,47,2,3.85
520,Znamenskoye,RU,2022-04-05 15:24:12,57.1281,73.8282,40.86,89,72,13.67
521,Husavik,IS,2022-04-05 15:24:12,66.0449,-17.3389,25.95,76,100,19.98
522,The Valley,AI,2022-04-05 15:24:13,18.217,-63.0578,82.26,65,20,18.41
523,Antalaha,MG,2022-04-05 15:24:13,-14.9003,50.2788,78.57,90,100,7.7
524,Kapuskasing,CA,2022-04-05 15:24:13,49.4169,-82.4331,41.0,56,75,5.75
525,Brzeziny,PL,2022-04-05 15:24:13,51.8002,19.7514,47.17,45,99,16.73
526,Chapadinha,BR,2022-04-05 15:24:14,-3.7417,-43.3603,83.61,75,91,0.49
527,Edd,ER,2022-04-05 15:24:14,13.9297,41.6925,92.59,36,5,18.45
528,Santa Luzia,BR,2022-04-05 15:24:14,-19.7697,-43.8514,89.74,45,40,4.61
529,Morant Bay,JM,2022-04-05 15:24:15,17.8815,-76.4093,86.7,68,16,11.27
530,Mbekenyera,TZ,2022-04-05 15:24:15,-10.0,38.9833,76.55,95,47,4.52
531,Havre-Saint-Pierre,CA,2022-04-05 15:24:15,50.2334,-63.5986,32.36,55,75,9.22
532,Tanout,NE,2022-04-05 15:24:16,14.9709,8.8879,104.2,4,80,8.81
533,Bozoum,CF,2022-04-05 15:24:16,6.3193,16.3799,71.22,85,100,7.52
534,Juba,SS,2022-04-05 15:24:16,4.8517,31.5825,98.35,23,54,6.08
535,High Prairie,CA,2022-04-05 15:22:54,55.4334,-116.4858,32.83,82,71,6.96
536,San Luis,AR,2022-04-05 15:23:18,-33.295,-66.3356,76.3,35,0,10.36
537,Sayyan,YE,2022-04-05 15:24:17,15.1718,44.3244,68.72,8,0,17.22
538,Makakilo City,US,2022-04-05 15:24:17,21.3469,-158.0858,71.92,75,40,12.66
539,Saint Anthony,US,2022-04-05 15:21:56,45.0205,-93.218,39.25,83,100,21.85
540,Faanui,PF,2022-04-05 15:24:17,-16.4833,-151.75,82.71,75,74,21.12
541,Lanzhou,CN,2022-04-05 15:24:18,36.0564,103.7922,58.37,17,11,3.78
542,Mahenge,TZ,2022-04-05 15:24:18,-8.6833,36.7167,72.14,86,47,1.88
543,Manor,IN,2022-04-05 15:24:18,19.75,72.9167,83.82,60,12,4.07
544,Jacareacanga,BR,2022-04-05 15:24:19,-6.2222,-57.7528,86.27,61,89,3.91
545,Elat,IL,2022-04-05 15:23:18,29.5581,34.9482,100.24,7,85,11.5
546,Kostomuksha,RU,2022-04-05 15:22:47,64.571,30.5767,31.8,92,100,16.02
547,Xixiang,CN,2022-04-05 15:24:19,35.1628,112.865,65.95,29,2,6.91
548,San Quintin,MX,2022-04-05 15:24:20,30.4833,-115.95,60.67,84,2,3.27
549,Ngunguru,NZ,2022-04-05 15:24:20,-35.6167,174.5,67.68,89,100,8.14
550,Luganville,VU,2022-04-05 15:24:20,-15.5333,167.1667,79.21,84,100,9.26
551,Isangel,VU,2022-04-05 15:25:20,-19.55,169.2667,79.65,81,100,6.13
552,Russkaya Polyana,UA,2022-04-05 15:25:21,49.417,31.9201,48.43,43,100,13.0
