City_ID,City,Lat,Lng,Max Temp,Humidity,Cloudiness,Wind Speed,Country,Date
0,Victor Harbor,-35.5667,138.6167,59.94,93,0,4.63,AU,2022-04-07 14:25:59
1,Las Varas,21.1667,-105.1667,62.08,68,27,2.17,MX,2022-04-07 14:25:59
2,Ranong,9.9658,98.6348,80.04,82,98,2.91,TH,2022-04-07 14:25:59
3,Mahebourg,-20.4081,57.7,79.25,83,40,9.22,MU,2022-04-07 14:26:00
4,Vardo,70.3705,31.1107,33.78,93,75,20.71,NO,2022-04-07 14:26:00
5,Castro,-24.7911,-50.0119,68.59,81,97,4.85,BR,2022-04-07 14:25:22
6,Atuona,-9.8,-139.0333,78.55,78,14,16.26,PF,2022-04-07 14:26:00
7,Jamestown,42.097,-79.2353,48.72,79,100,6.91,US,2022-04-07 14:23:17
8,Butaritari,3.0707,172.7902,80.85,81,99,16.26,KI,2022-04-07 14:26:01
9,Bredasdorp,-34.5322,20.0403,64.65,49,79,10.8,ZA,2022-04-07 14:25:57
10,Yarkovo,57.4028,67.0786,36.0,97,100,10.16,RU,2022-04-07 14:26:01
11,Port Alfred,-33.5906,26.891,63.18,70,28,8.99,ZA,2022-04-07 14:26:01
12,Hithadhoo,-0.6,73.0833,83.05,62,7,2.26,MV,2022-04-07 14:26:02
13,Sovetskiy,61.3614,63.5842,32.13,99,100,6.49,RU,2022-04-07 14:26:02
14,Albany,42.6001,-73.9662,46.94,91,100,7.0,US,2022-04-07 14:26:02
15,Rikitea,-23.1203,-134.9692,78.69,66,3,14.52,PF,2022-04-07 14:22:04
16,Ketchikan,55.3422,-131.6461,42.78,87,100,14.97,US,2022-04-07 14:26:03
17,Severo-Kurilsk,50.6789,156.125,30.61,92,100,7.76,RU,2022-04-07 14:26:03
18,Canutama,-6.5339,-64.3831,82.76,76,100,3.18,BR,2022-04-07 14:26:03
19,Tiksi,71.6872,128.8694,-7.33,100,91,1.9,RU,2022-04-07 14:25:47
20,Sao Filipe,14.8961,-24.4956,72.88,75,2,11.97,CV,2022-04-07 14:26:04
21,Kapaa,22.0752,-159.319,72.12,85,20,16.11,US,2022-04-07 14:23:12
22,Roma,43.2128,-75.4557,50.72,96,100,8.05,US,2022-04-07 14:26:04
23,Cherskiy,68.75,161.3,-22.79,100,55,2.24,RU,2022-04-07 14:26:05
24,Punta Arenas,-53.15,-70.9167,41.02,87,0,4.61,CL,2022-04-07 14:26:05
25,Whitehorse,60.7161,-135.0538,29.17,74,75,11.5,CA,2022-04-07 14:26:05
26,Ayaviri,-14.8864,-70.5889,49.96,69,80,2.19,PE,2022-04-07 14:26:05
27,Qaanaaq,77.484,-69.3632,-2.56,77,63,7.02,GL,2022-04-07 14:24:36
28,Havelock,34.8791,-76.9013,70.02,92,20,13.8,US,2022-04-07 14:25:12
29,Yellowknife,62.456,-114.3525,24.42,90,75,6.91,CA,2022-04-07 14:22:16
30,Cape Town,-33.9258,18.4232,70.12,52,20,19.57,ZA,2022-04-07 14:22:22
31,Zhigansk,66.7697,123.3711,-10.66,100,74,5.32,RU,2022-04-07 14:26:06
32,Kavaratti,10.5669,72.642,83.8,72,97,9.01,IN,2022-04-07 14:25:52
33,Nikolskoye,59.7035,30.7861,41.88,99,100,7.56,RU,2022-04-07 14:26:07
34,Busselton,-33.65,115.3333,66.11,61,59,4.47,AU,2022-04-07 14:26:07
35,Cidreira,-30.1811,-50.2056,72.72,78,92,13.87,BR,2022-04-07 14:26:07
36,Mar Del Plata,-38.0023,-57.5575,60.82,90,75,14.97,AR,2022-04-07 14:26:08
37,Iqaluit,63.7506,-68.5145,10.13,72,75,0.0,CA,2022-04-07 14:26:08
38,Puerto Del Rosario,28.5004,-13.8627,69.55,43,20,18.41,ES,2022-04-07 14:26:08
39,Ola,59.5833,151.2833,22.66,93,100,12.39,RU,2022-04-07 14:26:08
40,Synya,65.3718,58.0387,18.25,88,100,8.95,RU,2022-04-07 14:26:09
41,Erie,42.7667,-78.6664,48.27,90,100,1.99,US,2022-04-07 14:26:09
42,Alofi,-19.0595,-169.9187,71.49,94,100,3.44,NU,2022-04-07 14:26:09
43,Nome,64.5011,-165.4064,-11.13,70,0,14.97,US,2022-04-07 14:27:10
44,Peniche,39.3558,-9.3811,60.93,75,99,11.52,PT,2022-04-07 14:27:10
45,Makakilo City,21.3469,-158.0858,72.68,72,20,11.5,US,2022-04-07 14:27:10
46,Vaini,-21.2,-175.2,77.16,100,75,3.44,TO,2022-04-07 14:27:11
47,Flin Flon,54.7682,-101.865,28.24,86,20,3.44,CA,2022-04-07 14:22:15
48,Muromtsevo,56.3724,75.2418,32.13,94,90,5.79,RU,2022-04-07 14:27:11
49,Coquimbo,-29.9533,-71.3436,56.93,88,40,8.05,CL,2022-04-07 14:27:11
50,Mataura,-46.1927,168.8643,46.47,73,91,5.64,NZ,2022-04-07 14:27:12
51,Nanortalik,60.1432,-45.2371,31.19,87,100,6.82,GL,2022-04-07 14:27:12
52,Calafell,41.2,1.5683,78.08,67,7,10.0,ES,2022-04-07 14:27:13
53,Kungurtug,50.5994,97.5228,35.19,94,98,2.24,RU,2022-04-07 14:27:13
54,Yulara,-25.2406,130.9889,71.44,30,0,6.91,AU,2022-04-07 14:27:13
55,Youkounkoun,12.5333,-13.1333,107.26,15,82,4.16,GN,2022-04-07 14:27:14
56,Vysokogornyy,50.1167,139.15,18.36,90,100,5.97,RU,2022-04-07 14:27:14
57,Kavieng,-2.5744,150.7967,81.43,77,100,4.76,PG,2022-04-07 14:27:14
58,Kruisfontein,-34.0033,24.7314,64.89,55,65,17.67,ZA,2022-04-07 14:27:14
59,Chateauroux,46.8167,1.7,55.4,94,100,25.32,FR,2022-04-07 14:27:15
60,Vinh,18.6667,105.6667,71.26,65,6,1.9,VN,2022-04-07 14:27:15
61,Cabo San Lucas,22.8909,-109.9124,70.52,77,34,1.99,MX,2022-04-07 14:24:26
62,Baft,29.234,56.6057,70.18,8,4,12.77,IR,2022-04-07 14:27:16
63,Haimen,23.1935,116.6142,69.69,62,79,17.63,CN,2022-04-07 14:27:16
64,Bosaso,11.2842,49.1816,82.38,78,0,14.97,SO,2022-04-07 14:27:16
65,Carballo,43.213,-8.691,57.0,91,100,14.38,ES,2022-04-07 14:27:16
66,Kuala Terengganu,5.3302,103.1408,76.95,94,40,4.61,MY,2022-04-07 14:27:17
67,Cape Canaveral,28.4058,-80.6048,81.07,81,75,19.57,US,2022-04-07 14:27:17
68,Dikson,73.5069,80.5464,3.47,96,100,11.99,RU,2022-04-07 14:25:56
69,Bengkulu,-3.8004,102.2655,76.03,81,100,4.16,ID,2022-04-07 14:27:17
70,Bonthe,7.5264,-12.505,81.88,69,100,5.17,SL,2022-04-07 14:27:18
71,Mildura,-34.2,142.15,62.56,63,3,5.75,AU,2022-04-07 14:24:52
72,Burnie,-41.0667,145.9167,57.92,77,82,8.9,AU,2022-04-07 14:27:18
73,Champerico,14.3,-91.9167,82.94,71,6,10.16,GT,2022-04-07 14:27:18
74,Ostrovnoy,68.0531,39.5131,27.88,84,100,8.72,RU,2022-04-07 14:27:19
75,Arraial Do Cabo,-22.9661,-42.0278,80.56,74,20,11.5,BR,2022-04-07 14:27:19
76,Lorengau,-2.0226,147.2712,81.0,84,97,16.15,PG,2022-04-07 14:27:19
77,Taoudenni,22.6783,-3.9836,97.43,7,5,10.09,ML,2022-04-07 14:27:20
78,Hermanus,-34.4187,19.2345,66.79,58,39,10.76,ZA,2022-04-07 14:27:20
79,Bom Jesus,-9.0744,-44.3586,92.97,30,39,5.26,BR,2022-04-07 14:27:20
80,Roebourne,-20.7833,117.1333,88.18,50,78,11.63,AU,2022-04-07 14:23:15
81,Santa Cruz,-17.8,-63.1667,86.05,66,75,13.8,BO,2022-04-07 14:27:21
82,Ribeira Grande,38.5167,-28.7,63.0,94,75,26.46,PT,2022-04-07 14:27:21
83,Ancud,-41.8697,-73.8203,57.22,94,100,4.36,CL,2022-04-07 14:27:08
84,Norman Wells,65.282,-126.8329,8.64,78,0,8.05,CA,2022-04-07 14:27:21
85,Bethel,41.3712,-73.414,49.1,90,100,11.5,US,2022-04-07 14:24:57
86,Mogadouro,41.3403,-6.7119,60.87,40,73,14.76,PT,2022-04-07 14:27:22
87,Deputatskiy,69.3,139.9,-15.95,100,100,2.73,RU,2022-04-07 14:27:22
88,Khatanga,71.9667,102.5,9.84,86,100,12.15,RU,2022-04-07 14:28:22
89,Alta Gracia,-31.6529,-64.4283,79.56,52,0,6.33,AR,2022-04-07 14:28:23
90,Airai,-8.9266,125.4092,60.06,93,87,2.48,TL,2022-04-07 14:28:23
91,Kahului,20.8947,-156.47,73.85,72,0,13.8,US,2022-04-07 14:28:23
92,Longyearbyen,78.2186,15.6401,13.84,57,20,9.22,SJ,2022-04-07 14:28:23
93,Lebu,-37.6167,-73.65,60.82,81,23,2.86,CL,2022-04-07 14:28:24
94,Bluff,-46.6,168.3333,54.32,77,90,24.09,NZ,2022-04-07 14:28:24
95,Westport,41.1415,-73.3579,50.83,90,100,14.97,US,2022-04-07 14:27:31
96,Nerchinskiy Zavod,51.3088,119.61,38.05,84,100,7.11,RU,2022-04-07 14:28:24
97,Kamaishi,39.2667,141.8833,40.46,82,100,6.87,JP,2022-04-07 14:28:25
98,Havoysund,70.9963,24.6622,34.03,85,100,23.6,NO,2022-04-07 14:28:25
99,Puri,19.8,85.85,81.12,88,8,14.16,IN,2022-04-07 14:28:25
100,Tuktoyaktuk,69.4541,-133.0374,10.4,79,75,4.61,CA,2022-04-07 14:28:26
101,Grand Gaube,-20.0064,57.6608,79.38,83,57,5.99,MU,2022-04-07 14:28:26
102,Hualmay,-11.0964,-77.6139,71.15,80,58,7.54,PE,2022-04-07 14:28:26
103,Warri,5.5167,5.75,86.47,64,100,8.5,NG,2022-04-07 14:28:27
104,Beringovskiy,63.05,179.3167,-2.47,87,100,5.08,RU,2022-04-07 14:28:27
105,Necochea,-38.5473,-58.7368,64.31,69,19,12.97,AR,2022-04-07 14:28:27
106,Thompson,55.7435,-97.8558,21.36,68,75,9.22,CA,2022-04-07 14:27:28
107,Dunedin,-45.8742,170.5036,50.81,63,28,10.0,NZ,2022-04-07 14:28:28
108,Bilimora,20.7672,72.9693,87.71,20,31,7.09,IN,2022-04-07 14:28:28
109,Mazatlan,23.2167,-106.4167,68.92,90,100,1.99,MX,2022-04-07 14:25:13
110,Hohhot,40.8106,111.6522,44.89,31,0,6.71,CN,2022-04-07 14:28:28
111,Marevo,57.3146,32.0804,45.21,91,100,10.02,RU,2022-04-07 14:28:29
112,Rocha,-34.4833,-54.3333,77.81,39,100,1.88,UY,2022-04-07 14:28:29
113,Provideniya,64.3833,-173.3,-8.72,92,90,3.36,RU,2022-04-07 14:28:29
114,Talnakh,69.4865,88.3972,20.21,96,100,2.86,RU,2022-04-07 14:28:29
115,Zeya,53.75,127.2667,21.56,70,98,3.74,RU,2022-04-07 14:28:30
116,Rafraf,37.1904,10.1837,68.31,68,0,25.08,TN,2022-04-07 14:28:30
117,Lundazi,-12.2929,33.1782,74.59,81,100,0.16,ZM,2022-04-07 14:28:30
118,Los Llanos De Aridane,28.6585,-17.9182,65.95,73,20,8.05,ES,2022-04-07 14:28:31
119,Chunskiy,56.0815,99.6342,34.38,87,74,9.42,RU,2022-04-07 14:28:31
120,Zhaodong,46.0833,125.9833,36.03,27,72,8.59,CN,2022-04-07 14:28:31
121,Grindavik,63.8424,-22.4338,33.75,47,40,16.11,IS,2022-04-07 14:28:32
122,Waipawa,-41.4122,175.5153,42.55,82,0,4.03,NZ,2022-04-07 14:28:32
123,Lazaro Cardenas,17.9583,-102.2,72.37,80,55,3.31,MX,2022-04-07 14:24:41
124,Hay River,60.8156,-115.7999,26.58,59,75,5.75,CA,2022-04-07 14:28:32
125,Potam,27.6,-110.3833,71.6,49,0,3.74,MX,2022-04-07 14:28:33
126,Keffi,8.8486,7.8736,101.93,24,100,3.91,NG,2022-04-07 14:28:33
127,Kaitangata,-46.2817,169.8464,48.04,72,68,13.02,NZ,2022-04-07 14:28:33
128,Ilhabela,-23.7781,-45.3581,76.39,74,99,4.61,BR,2022-04-07 14:28:34
129,Mount Gambier,-37.8333,140.7667,55.31,88,0,9.22,AU,2022-04-07 14:28:34
130,Poitiers,46.5833,0.3333,58.24,62,100,19.57,FR,2022-04-07 14:28:34
131,Fershampenuaz,53.5202,59.8117,39.6,84,88,14.85,RU,2022-04-07 14:28:35
132,Narsaq,60.9167,-46.05,37.62,66,95,2.08,GL,2022-04-07 14:28:35
133,Olinda,-8.0089,-34.8553,85.73,74,40,8.05,BR,2022-04-07 14:28:35
134,Namwala,-15.7504,26.4384,77.86,65,52,7.38,ZM,2022-04-07 14:29:35
135,Dali,25.7,100.1833,57.51,68,100,1.61,CN,2022-04-07 14:29:36
136,Jinchang,38.4953,102.1739,61.83,10,0,7.14,CN,2022-04-07 14:29:36
137,Port Blair,11.6667,92.75,82.44,78,40,2.3,IN,2022-04-07 14:29:36
138,Luderitz,-26.6481,15.1594,74.55,49,22,23.51,NA,2022-04-07 14:25:45
139,Cap Malheureux,-19.9842,57.6142,79.47,83,44,5.01,MU,2022-04-07 14:29:37
140,Dire Dawa,9.5931,41.8661,87.82,16,100,12.95,ET,2022-04-07 14:29:37
141,Ponta Do Sol,32.6667,-17.1,66.83,89,41,0.54,PT,2022-04-07 14:29:37
142,Kudahuvadhoo,2.6708,72.8944,84.18,66,68,2.57,MV,2022-04-07 14:29:38
143,Ushuaia,-54.8,-68.3,40.62,75,20,10.36,AR,2022-04-07 14:26:23
144,Saskylakh,71.9167,114.0833,-19.82,100,6,2.33,RU,2022-04-07 14:29:38
145,Barrow,71.2906,-156.7887,-2.18,78,100,9.22,US,2022-04-07 14:29:38
146,Saint-Philippe,-21.3585,55.7679,78.39,81,43,10.38,RE,2022-04-07 14:29:39
147,Kibre Mengist,5.8833,38.9833,83.07,21,100,9.37,ET,2022-04-07 14:29:39
148,Hovd,48.0056,91.6419,55.81,23,33,9.13,MN,2022-04-07 14:29:39
149,Cayenne,4.9333,-52.3333,84.24,1,75,11.5,GF,2022-04-07 14:29:40
150,Cairns,-16.9167,145.7667,76.95,89,40,6.91,AU,2022-04-07 14:29:40
151,Banyuwangi,-8.2325,114.3576,76.35,92,97,2.73,ID,2022-04-07 14:29:40
152,Anadyr,64.75,177.4833,-1.7,78,0,6.71,RU,2022-04-07 14:29:40
153,Morondava,-20.2833,44.2833,84.34,54,0,10.18,MG,2022-04-07 14:29:41
154,Lagoa,39.05,-27.9833,60.76,87,100,23.4,PT,2022-04-07 14:29:41
155,Sangar,63.9242,127.4739,-1.7,99,99,1.45,RU,2022-04-07 14:29:41
156,Walvis Bay,-22.9575,14.5053,76.15,46,0,9.22,NA,2022-04-07 14:29:42
157,Husavik,66.0449,-17.3389,27.52,68,92,7.45,IS,2022-04-07 14:29:42
158,Hanyang,32.1371,105.5126,60.15,67,0,3.24,CN,2022-04-07 14:29:42
159,Dzaoudzi,-12.7887,45.2699,85.89,70,0,8.05,YT,2022-04-07 14:29:43
160,Geraldton,-28.7667,114.6,75.61,78,100,10.36,AU,2022-04-07 14:29:43
161,Mehamn,71.0357,27.8492,32.81,95,100,20.65,NO,2022-04-07 14:25:03
162,Nemuro,43.3236,145.575,35.28,79,100,10.71,JP,2022-04-07 14:29:43
163,Saldanha,-33.0117,17.9442,69.85,62,70,23.71,ZA,2022-04-07 14:29:44
164,Mangrol,21.1167,70.1167,87.33,48,92,18.32,IN,2022-04-07 14:29:44
165,Opuwo,-18.0607,13.84,87.84,26,0,5.14,NA,2022-04-07 14:29:44
166,Port Lincoln,-34.7333,135.8667,61.09,87,54,11.9,AU,2022-04-07 14:29:44
167,Salalah,17.0151,54.0924,82.49,74,0,8.05,OM,2022-04-07 14:29:45
168,Moscow,55.7522,37.6156,48.43,100,100,9.51,RU,2022-04-07 14:27:49
169,Reconquista,-29.15,-59.65,64.06,95,100,18.45,AR,2022-04-07 14:29:45
170,Chuy,-33.6971,-53.4616,71.62,54,100,4.68,UY,2022-04-07 14:29:45
171,Boa Vista,2.8197,-60.6733,87.78,51,40,23.02,BR,2022-04-07 14:29:46
172,Lerici,44.0759,9.9112,61.0,75,40,3.0,IT,2022-04-07 14:29:46
173,Moreira Sales,-24.0622,-53.0069,80.1,71,100,7.54,BR,2022-04-07 14:29:46
174,Ambon,-3.6954,128.1814,78.94,89,40,13.8,ID,2022-04-07 14:29:47
175,San Cristobal,7.7669,-72.225,71.78,66,100,5.46,VE,2022-04-07 14:29:47
176,Hilo,19.7297,-155.09,71.33,88,100,6.91,US,2022-04-07 14:29:47
177,Osakarovka,50.565,72.5692,40.41,84,100,5.23,KZ,2022-04-07 14:29:48
178,Codrington,-38.2667,141.9667,56.03,91,0,8.75,AU,2022-04-07 14:29:48
179,Raga,8.4596,25.678,101.25,22,75,3.4,SS,2022-04-07 14:29:48
180,Presidencia Roque Saenz Pena,-26.7852,-60.4388,73.83,92,94,9.35,AR,2022-04-07 14:29:48
181,Te Anau,-45.4167,167.7167,42.62,85,53,1.41,NZ,2022-04-07 14:29:49
182,Vestmannaeyjar,63.4427,-20.2734,38.39,65,0,3.44,IS,2022-04-07 14:30:49
183,Shingu,33.7333,135.9833,54.95,86,0,6.71,JP,2022-04-07 14:29:15
184,Pevek,69.7008,170.3133,-3.3,98,100,8.52,RU,2022-04-07 14:30:49
185,Shache,38.4167,77.2406,73.62,12,4,9.26,CN,2022-04-07 14:30:50
186,Caldwell,43.6629,-116.6874,43.92,69,0,4.61,US,2022-04-07 14:30:50
187,Hobart,-42.8794,147.3294,53.06,85,27,4.61,AU,2022-04-07 14:30:12
188,Kongolo,-5.3833,27.0,77.23,89,79,2.91,CD,2022-04-07 14:30:50
189,Hasaki,35.7333,140.8333,52.29,85,15,10.51,JP,2022-04-07 14:30:51
190,Teguise,29.0605,-13.564,68.22,43,20,17.27,ES,2022-04-07 14:29:46
191,Zlobin,45.2924,14.6541,51.1,58,20,5.75,HR,2022-04-07 14:30:51
192,Emerald,-23.5333,148.1667,75.34,64,25,10.36,AU,2022-04-07 14:30:51
193,Sambava,-14.2667,50.1667,79.68,86,43,9.8,MG,2022-04-07 14:30:52
194,New Norfolk,-42.7826,147.0587,52.72,69,11,2.06,AU,2022-04-07 14:30:52
195,Tasiilaq,65.6145,-37.6368,26.76,88,100,9.15,GL,2022-04-07 14:30:52
196,Koutsouras,35.0339,25.9469,70.11,65,100,9.73,GR,2022-04-07 14:30:53
197,Maceio,-9.6658,-35.7353,85.44,61,75,13.8,BR,2022-04-07 14:30:48
198,Oda,35.1833,132.5,52.57,89,1,9.8,JP,2022-04-07 14:30:53
199,Kapit,2.0167,112.9333,73.71,99,99,2.44,MY,2022-04-07 14:30:53
200,Namibe,-15.1961,12.1522,75.49,68,7,10.8,AO,2022-04-07 14:30:54
201,Rincon De La Victoria,36.7172,-4.2758,74.84,46,0,6.2,ES,2022-04-07 14:30:54
202,Guerrero Negro,27.9769,-114.0611,65.61,66,0,3.51,MX,2022-04-07 14:30:54
203,Marzuq,14.4,46.4667,83.88,20,51,9.73,YE,2022-04-07 14:27:08
204,Cervo,43.6702,-7.4101,54.97,71,100,23.64,ES,2022-04-07 14:30:55
205,Borgomanero,45.7024,8.4581,67.17,42,100,3.0,IT,2022-04-07 14:30:55
206,Honiara,-9.4333,159.95,78.06,85,100,2.48,SB,2022-04-07 14:30:55
207,College,64.8569,-147.8028,16.12,82,75,0.0,US,2022-04-07 14:30:56
208,La Ronge,55.1001,-105.2842,26.82,68,0,3.44,CA,2022-04-07 14:30:56
209,Shenjiamen,29.9576,122.298,57.33,80,0,7.7,CN,2022-04-07 14:30:56
210,Dalbandin,28.8947,64.4101,86.49,9,0,6.98,PK,2022-04-07 14:30:56
211,Zlitan,32.4674,14.5687,62.49,60,1,22.19,LY,2022-04-07 14:30:57
212,Kanniyakumari,8.0833,77.5667,84.16,73,22,7.81,IN,2022-04-07 14:30:57
213,Clyde River,70.4692,-68.5914,10.63,85,100,6.91,CA,2022-04-07 14:30:57
214,Lasa,46.6166,10.7002,60.69,82,95,5.61,IT,2022-04-07 14:30:58
215,Klaksvik,62.2266,-6.589,38.32,73,100,34.0,FO,2022-04-07 14:30:58
216,Camabatela,-8.1881,15.375,74.35,79,53,2.95,AO,2022-04-07 14:30:58
217,Antalaha,-14.9003,50.2788,78.46,90,91,8.81,MG,2022-04-07 14:30:59
218,Hofn,64.2539,-15.2082,35.62,38,20,17.27,IS,2022-04-07 14:30:59
219,Cibitoke,-2.8833,29.25,68.14,80,96,1.92,BI,2022-04-07 14:30:59
220,Cap-Aux-Meules,47.3821,-61.8597,39.25,81,75,11.5,CA,2022-04-07 14:31:00
221,Marawi,7.9986,124.2928,69.58,96,100,1.41,PH,2022-04-07 14:31:00
222,Sisimiut,66.9395,-53.6735,15.57,73,8,11.39,GL,2022-04-07 14:31:00
223,Newcastle,-32.9272,151.7765,67.71,97,100,2.3,AU,2022-04-07 14:30:53
224,Sorland,67.667,12.6934,37.26,70,0,13.8,NO,2022-04-07 14:31:01
225,Westlock,54.1502,-113.8688,31.1,56,100,10.38,CA,2022-04-07 14:31:01
226,Langham,52.3668,-106.9679,36.01,80,99,5.59,CA,2022-04-07 14:31:01
227,Otradnoye,59.7775,30.8181,43.03,99,100,7.47,RU,2022-04-07 14:31:02
228,Puerto Ayora,-0.7393,-90.3518,80.56,80,65,7.94,EC,2022-04-07 14:26:43
229,Soure,-0.7167,-48.5233,78.35,87,99,7.18,BR,2022-04-07 14:26:07
230,Caxito,-8.5785,13.6643,89.55,58,42,7.05,AO,2022-04-07 14:32:02
231,Manassas Park,38.784,-77.4697,51.75,94,100,5.99,US,2022-04-07 14:32:02
232,Saint Anthony,45.0205,-93.218,37.33,93,100,16.11,US,2022-04-07 14:30:44
233,Lasem,-6.6922,111.4527,77.05,87,100,2.93,ID,2022-04-07 14:32:03
234,Santa Fe,-31.6333,-60.7,73.99,85,77,1.99,AR,2022-04-07 14:27:49
235,Petropavlovsk-Kamchatskiy,53.0452,158.6483,30.79,100,100,6.71,RU,2022-04-07 14:32:03
236,Tessalit,20.1986,1.0114,104.61,5,0,11.34,ML,2022-04-07 14:32:04
237,Junnar,19.2,73.8833,86.65,22,20,7.34,IN,2022-04-07 14:32:04
238,Esso,55.9333,158.7,23.94,98,100,3.49,RU,2022-04-07 14:32:04
239,Upernavik,72.7868,-56.1549,5.34,91,88,4.09,GL,2022-04-07 14:32:04
240,Northam,51.0333,-4.2167,52.66,75,14,26.15,GB,2022-04-07 14:32:05
241,Sitka,57.0531,-135.33,44.49,61,100,24.16,US,2022-04-07 14:32:05
242,Copiapo,-27.3667,-70.3333,58.69,12,0,6.58,CL,2022-04-07 14:32:05
243,Pisco,-13.7,-76.2167,70.02,83,35,4.61,PE,2022-04-07 14:32:06
244,Gat,31.61,34.7642,82.4,40,93,2.44,IL,2022-04-07 14:32:06
245,Kodiak,57.79,-152.4072,27.91,93,100,3.44,US,2022-04-07 14:32:06
246,Kaniama,-7.5667,24.1833,76.84,77,68,1.12,CD,2022-04-07 14:32:07
247,Strezhevoy,60.7333,77.5889,30.65,90,88,4.54,RU,2022-04-07 14:32:07
248,Port Elizabeth,-33.918,25.5701,67.1,59,20,25.32,ZA,2022-04-07 14:27:25
249,Fortuna,40.5982,-124.1573,45.52,100,0,10.36,US,2022-04-07 14:31:01
250,Sosnogorsk,63.6023,53.8817,27.95,90,100,6.26,RU,2022-04-07 14:32:07
251,Northborough,42.3195,-71.6412,49.59,74,100,1.99,US,2022-04-07 14:32:08
252,Iberia,29.9502,-91.7507,64.06,42,0,12.66,US,2022-04-07 14:32:08
253,Kiunga,-6.1219,141.2906,72.97,99,100,1.97,PG,2022-04-07 14:32:08
254,Avarua,-21.2078,-159.775,80.65,83,40,5.75,CK,2022-04-07 14:32:09
255,Verkhnyaya Sinyachikha,57.976,61.6673,32.85,75,47,9.95,RU,2022-04-07 14:32:09
256,Port-Gentil,-0.7193,8.7815,81.57,82,77,16.35,GA,2022-04-07 14:32:09
257,Nalut,30.3333,10.85,81.93,11,2,13.2,LY,2022-04-07 14:32:09
258,Carnarvon,-24.8667,113.6333,77.07,83,98,11.5,AU,2022-04-07 14:32:10
259,Gallup,35.5281,-108.7426,30.96,30,0,0.0,US,2022-04-07 14:27:59
260,Port-Cartier,50.0334,-66.8654,41.11,94,60,2.68,CA,2022-04-07 14:32:10
261,Imperia,43.9667,7.7833,69.1,78,48,5.68,IT,2022-04-07 14:32:10
262,Chernyshevskiy,63.0128,112.4714,21.96,95,100,8.66,RU,2022-04-07 14:32:11
263,Orlik,52.5178,99.825,25.66,86,12,3.85,RU,2022-04-07 14:32:11
264,Sur,22.5667,59.5289,85.5,47,2,3.6,OM,2022-04-07 14:32:11
265,Bairiki,1.3292,172.9752,80.6,78,20,9.22,KI,2022-04-07 14:32:12
266,San Antonio,29.4241,-98.4936,65.16,22,0,14.97,US,2022-04-07 14:27:27
267,Aranos,-24.1333,19.1167,82.98,19,80,2.51,NA,2022-04-07 14:32:12
268,Poum,-20.2333,164.0167,81.16,83,100,22.77,NC,2022-04-07 14:32:12
269,Sabang,5.8933,95.3214,83.23,70,90,6.85,ID,2022-04-07 14:32:13
270,Berlevag,70.8578,29.0864,31.8,89,100,22.62,NO,2022-04-07 14:32:13
271,Nipawin,53.3668,-104.0009,24.84,86,0,4.61,CA,2022-04-07 14:32:13
272,Aktash,50.3,87.7333,30.27,93,100,1.99,RU,2022-04-07 14:32:14
273,Acapulco,16.8634,-99.8901,71.42,94,75,3.44,MX,2022-04-07 14:27:27
274,Kidal,18.4411,1.4078,106.88,3,6,9.08,ML,2022-04-07 14:32:14
275,Ishigaki,24.3448,124.1572,69.93,73,48,18.41,JP,2022-04-07 14:32:14
276,Lagos,6.5833,3.75,90.43,56,78,8.93,NG,2022-04-07 14:28:28
277,Portland,45.5234,-122.6762,50.18,70,40,3.0,US,2022-04-07 14:28:48
278,Korla,41.7597,86.1469,70.7,15,0,5.5,CN,2022-04-07 14:32:15
279,Plettenberg Bay,-34.0527,23.3716,61.59,60,20,10.45,ZA,2022-04-07 14:33:15
280,Padang,-0.9492,100.3543,78.01,78,100,4.5,ID,2022-04-07 14:33:15
281,Pouebo,-20.4,164.5667,78.21,88,100,16.46,NC,2022-04-07 14:33:16
282,Neuquen,-38.9516,-68.0591,62.49,67,0,3.44,AR,2022-04-07 14:33:16
283,Chapais,49.7834,-74.8492,35.38,74,100,14.61,CA,2022-04-07 14:33:16
284,Aden,12.7794,45.0367,81.28,76,100,12.08,YE,2022-04-07 14:33:17
285,Rafai,4.95,23.9167,78.51,71,98,1.07,CF,2022-04-07 14:33:17
286,Parkersburg,39.2667,-81.5615,55.17,84,100,4.61,US,2022-04-07 14:30:15
287,Tromso,69.6496,18.957,35.62,60,0,16.11,NO,2022-04-07 14:33:17
288,Sun Valley,39.5963,-119.776,52.16,45,0,4.61,US,2022-04-07 14:33:18
289,Viedma,-40.8135,-62.9967,65.53,58,92,15.68,AR,2022-04-07 14:33:18
290,Matay,28.419,30.7792,103.42,6,52,6.49,EG,2022-04-07 14:30:28
291,Kandrian,-6.2167,149.55,77.29,88,99,4.65,PG,2022-04-07 14:33:18
292,Saint George,37.1041,-113.5841,51.8,23,0,4.61,US,2022-04-07 14:31:48
293,Kaura Namoda,12.5898,6.5779,104.88,9,100,5.79,NG,2022-04-07 14:33:19
294,Nhamunda,-2.1861,-56.7131,82.74,81,67,3.78,BR,2022-04-07 14:33:19
295,Lata,40.1629,-8.3327,59.81,47,10,11.14,PT,2022-04-07 14:33:19
296,Okha,53.5739,142.9478,22.23,90,88,9.15,RU,2022-04-07 14:33:20
297,Richards Bay,-28.783,32.0377,69.15,74,100,10.4,ZA,2022-04-07 14:33:20
298,San Luis,-33.295,-66.3356,79.59,36,0,2.48,AR,2022-04-07 14:33:20
299,Quatre Cocos,-20.2078,57.7625,79.09,83,75,13.04,MU,2022-04-07 14:33:21
300,Hirara,24.8,125.2833,70.0,65,10,20.85,JP,2022-04-07 14:33:21
301,Mayo,38.8876,-76.5119,52.97,95,100,5.75,US,2022-04-07 14:33:21
302,Bilibino,68.0546,166.4372,-21.73,98,82,3.04,RU,2022-04-07 14:30:59
303,Guadalupe Y Calvo,26.1,-106.9667,62.46,22,0,5.46,MX,2022-04-07 14:33:22
304,Iralaya,15.0,-83.2333,83.35,66,68,8.81,HN,2022-04-07 14:33:22
305,Margate,51.3813,1.3862,56.1,62,29,33.55,GB,2022-04-07 14:33:22
306,General Roca,-39.0333,-67.5833,63.63,53,100,8.61,AR,2022-04-07 14:33:23
307,Svirstroy,60.7999,33.7248,33.24,98,100,9.84,RU,2022-04-07 14:33:23
308,Ahmadnagar,19.0833,74.7333,93.52,11,4,8.75,IN,2022-04-07 14:33:23
309,Sept-Iles,50.2001,-66.3821,41.43,56,75,6.91,CA,2022-04-07 14:33:23
310,Hobyo,5.3505,48.5268,84.22,66,9,10.76,SO,2022-04-07 14:33:24
311,Tilichiki,60.4667,166.1,2.55,89,98,5.7,RU,2022-04-07 14:33:24
312,Vao,-22.6667,167.4833,78.94,87,100,36.17,NC,2022-04-07 14:33:24
313,Itacoatiara,-3.1431,-58.4442,83.52,75,77,3.74,BR,2022-04-07 14:31:29
314,Victoria,22.2855,114.1577,75.18,69,0,17.0,HK,2022-04-07 14:29:16
315,Rey Bouba,8.6724,14.1786,108.57,14,93,2.93,CM,2022-04-07 14:33:25
316,Yuksekova,37.5736,44.2872,47.95,66,75,10.36,TR,2022-04-07 14:33:25
317,Ballina,-28.8667,153.5667,71.56,90,40,9.22,AU,2022-04-07 14:33:25
318,Kailua,21.4022,-157.7394,73.49,76,24,5.01,US,2022-04-07 14:33:26
319,Tinsukia,27.5,95.3667,76.51,67,95,2.48,IN,2022-04-07 14:33:26
320,Khasan,42.4308,130.6434,37.94,43,2,5.61,RU,2022-04-07 14:33:26
321,Najran,17.4924,44.1277,86.65,5,0,12.17,SA,2022-04-07 14:33:27
322,Boguchany,58.3814,97.4531,29.19,88,45,7.65,RU,2022-04-07 14:33:27
323,Ngunguru,-35.6167,174.5,63.99,75,85,14.65,NZ,2022-04-07 14:33:27
324,Conceicao Do Araguaia,-8.2578,-49.2647,87.39,61,100,4.54,BR,2022-04-07 14:33:27
325,Mangan,27.5167,88.5333,69.44,91,97,1.21,IN,2022-04-07 14:33:28
326,Srandakan,-7.9386,110.2506,76.95,89,100,1.45,ID,2022-04-07 14:33:28
327,Isetskoye,56.4858,65.3226,35.17,99,100,10.78,RU,2022-04-07 14:33:28
328,Limanowa,49.7059,20.422,60.67,62,81,8.19,PL,2022-04-07 14:34:29
329,Rio Grande,-32.035,-52.0986,73.51,72,100,8.43,BR,2022-04-07 14:34:29
330,San Patricio,28.017,-97.5169,68.18,23,0,17.02,US,2022-04-07 14:34:29
331,Juegang,32.3174,121.1855,57.9,87,0,7.7,CN,2022-04-07 14:34:30
332,Bandarbeyla,9.4942,50.8122,81.07,72,24,9.42,SO,2022-04-07 14:34:30
333,Catuday,16.2923,119.8062,78.85,81,69,4.63,PH,2022-04-07 14:34:30
334,Aklavik,68.2191,-135.0107,12.2,79,75,3.44,CA,2022-04-07 14:34:31
335,Terrace Bay,48.7834,-87.1,31.39,87,100,19.48,CA,2022-04-07 14:34:31
336,La Macarena,2.1837,-73.7849,73.17,97,100,2.19,CO,2022-04-07 14:34:31
337,Tezu,27.9167,96.1667,72.54,70,92,4.14,IN,2022-04-07 14:34:32
338,Saint-Augustin,51.226,-58.6502,34.66,99,61,9.35,CA,2022-04-07 14:34:32
339,Inhambane,-23.865,35.3833,80.91,69,31,9.75,MZ,2022-04-07 14:34:32
340,Marsa Matruh,31.3525,27.2453,84.4,26,100,28.77,EG,2022-04-07 14:34:32
341,Chokurdakh,70.6333,147.9167,-19.77,90,78,4.09,RU,2022-04-07 14:34:33
342,Takab,36.4009,47.1133,53.91,43,11,23.4,IR,2022-04-07 14:34:33
343,Conde,-7.2597,-34.9075,85.46,70,40,11.5,BR,2022-04-07 14:34:33
344,Banjar,-8.19,114.9675,76.93,91,97,5.5,ID,2022-04-07 14:34:34
345,Alacranes,22.7675,-81.5675,82.89,53,36,7.76,CU,2022-04-07 14:34:34
346,Hua Hin,12.5707,99.9588,89.01,49,100,3.22,TH,2022-04-07 14:34:34
347,Tura,25.5198,90.2201,75.07,68,0,4.9,IN,2022-04-07 14:34:35
348,Flinders,-34.5833,150.8552,67.37,80,100,4.0,AU,2022-04-07 14:34:35
349,Arlit,18.7369,7.3853,109.0,3,88,8.19,NE,2022-04-07 14:34:35
350,Anchorage,61.2181,-149.9003,31.19,84,75,1.01,US,2022-04-07 14:30:03
351,Omboue,-1.5746,9.2618,83.3,74,95,13.29,GA,2022-04-07 14:34:36
352,Constitucion,-35.3333,-72.4167,65.62,59,9,9.08,CL,2022-04-07 14:34:36
353,Elesbao Veloso,-6.2019,-42.1403,91.4,47,100,2.66,BR,2022-04-07 14:34:36
354,Yeniseysk,58.4497,92.1703,32.04,79,56,10.2,RU,2022-04-07 14:33:14
355,East London,-33.0153,27.9116,67.14,59,0,24.16,ZA,2022-04-07 14:34:37
356,Bambous Virieux,-20.3428,57.7575,79.21,83,40,9.22,MU,2022-04-07 14:34:37
357,Brae,60.3964,-1.353,42.87,57,15,20.09,GB,2022-04-07 14:34:37
358,Tadine,-21.55,167.8833,79.65,83,100,25.28,NC,2022-04-07 14:34:37
359,Makubetsu,45.3714,141.8211,35.37,72,100,8.43,JP,2022-04-07 14:34:38
360,Camargo,27.6667,-105.1667,67.91,22,0,7.43,MX,2022-04-07 14:34:38
361,Mpongwe,-13.5091,28.155,71.02,91,99,4.74,ZM,2022-04-07 14:34:38
362,Sosva,59.1766,61.8558,32.45,73,27,11.41,RU,2022-04-07 14:34:39
363,Juba,4.8517,31.5825,93.94,28,86,2.68,SS,2022-04-07 14:34:39
364,Souillac,-20.5167,57.5167,79.18,83,40,9.22,MU,2022-04-07 14:34:39
365,Enkhuizen,52.7,5.2833,51.98,82,84,11.01,NL,2022-04-07 14:34:40
366,Lompoc,34.6391,-120.4579,76.78,59,0,9.22,US,2022-04-07 14:34:40
367,Kemise,10.7167,39.8667,78.51,24,81,7.99,ET,2022-04-07 14:34:40
368,Tingo Maria,-9.2895,-76.0088,71.91,88,100,0.0,PE,2022-04-07 14:34:41
369,Mogadishu,2.0371,45.3438,82.81,73,71,15.59,SO,2022-04-07 14:34:41
370,Yichang,30.7144,111.2847,71.08,63,25,1.72,CN,2022-04-07 14:29:56
371,Labuhan,-6.8844,112.2051,78.08,87,87,6.85,ID,2022-04-07 14:34:41
372,Praia,14.9215,-23.5087,81.14,47,20,24.16,CV,2022-04-07 14:34:42
373,Chalmette,29.9427,-89.9634,69.01,38,0,21.85,US,2022-04-07 14:34:42
374,Dharangaon,21.0167,75.2667,97.9,10,0,7.4,IN,2022-04-07 14:35:42
375,Bilma,18.6853,12.9164,106.25,4,4,9.91,NE,2022-04-07 14:35:42
376,Kalmunai,7.4167,81.8167,81.1,79,67,4.72,LK,2022-04-07 14:35:43
377,Georgetown,5.4112,100.3354,78.75,93,40,1.14,MY,2022-04-07 14:31:30
378,Bethlehem,-1.4558,-48.5044,84.24,70,40,6.91,BR,2022-04-07 14:32:47
379,Novyy Urengoy,66.0833,76.6333,4.35,95,98,9.42,RU,2022-04-07 14:35:43
380,Naze,28.3667,129.4833,61.72,63,100,10.38,JP,2022-04-07 14:35:43
381,Nicoya,10.1483,-85.452,85.44,56,54,4.76,CR,2022-04-07 14:35:44
382,Koutiala,12.3917,-5.4642,104.11,14,100,5.73,ML,2022-04-07 14:35:44
383,Zhob,31.3411,69.4481,82.69,12,88,5.57,PK,2022-04-07 14:35:44
384,Tvedestrand,58.622,8.9315,36.63,79,100,24.47,NO,2022-04-07 14:35:45
385,Leningradskiy,69.3833,178.4167,-4.79,96,100,13.4,RU,2022-04-07 14:35:45
386,Kupang,-10.1667,123.5833,79.0,83,99,5.21,ID,2022-04-07 14:35:45
387,Nizhniy Kuranakh,58.8353,125.4869,8.22,96,100,2.8,RU,2022-04-07 14:35:46
388,Sibolga,1.7427,98.7792,75.52,89,100,4.52,ID,2022-04-07 14:35:46
389,Goderich,43.7501,-81.7165,46.9,71,38,14.97,CA,2022-04-07 14:35:36
390,Dingzhou,38.5131,114.9956,60.91,42,0,2.37,CN,2022-04-07 14:35:46
391,Itarema,-2.9248,-39.9167,84.18,71,83,12.93,BR,2022-04-07 14:35:47
392,Esmeralda,21.8525,-78.1169,87.19,45,4,6.42,CU,2022-04-07 14:35:47
393,Ulladulla,-35.35,150.4667,61.77,85,100,7.31,AU,2022-04-07 14:35:47
394,Tacuarembo,-31.7333,-55.9833,70.48,66,100,4.14,UY,2022-04-07 14:35:48
395,Ust-Tsilma,65.441,52.1498,23.77,91,100,4.36,RU,2022-04-07 14:35:48
396,Nizwa,22.9333,57.5333,90.45,17,35,8.5,OM,2022-04-07 14:35:48
397,Bull Savanna,17.8868,-77.5902,82.31,58,91,10.63,JM,2022-04-07 14:35:48
398,Faanui,-16.4833,-151.75,81.93,76,22,18.25,PF,2022-04-07 14:35:49
399,Puerto El Triunfo,13.2833,-88.55,83.32,54,74,4.7,SV,2022-04-07 14:35:49
400,Hamilton,39.1834,-84.5333,51.44,77,75,11.5,US,2022-04-07 14:33:35
401,Fare,-16.7,-151.0167,82.4,72,10,19.95,PF,2022-04-07 14:35:49
402,Parrita,9.5201,-84.3225,85.57,63,100,2.06,CR,2022-04-07 14:35:50
403,Trelleborg,55.3751,13.1569,45.99,90,100,15.55,SE,2022-04-07 14:35:50
404,Wakefield,53.6809,-1.499,47.98,69,70,14.94,GB,2022-04-07 14:35:50
405,Batsfjord,70.6345,29.7185,31.78,100,75,20.71,NO,2022-04-07 14:35:51
406,Laguna,38.421,-121.4238,68.09,75,0,0.0,US,2022-04-07 14:35:51
407,Rio Gallegos,-51.6226,-69.2181,37.45,75,0,2.3,AR,2022-04-07 14:35:51
408,Asfi,32.2994,-9.2372,64.54,64,0,19.26,MA,2022-04-07 14:35:52
409,Pacific Grove,36.6177,-121.9166,64.54,53,0,5.99,US,2022-04-07 14:35:52
410,Alice Springs,-23.7,133.8833,62.15,42,0,9.22,AU,2022-04-07 14:35:52
411,Whitecourt,54.1502,-115.6855,31.24,59,75,2.3,CA,2022-04-07 14:35:53
412,Velyka Bahachka,49.7912,33.7226,60.6,40,12,14.61,UA,2022-04-07 14:35:53
413,Eirunepe,-6.6603,-69.8736,86.76,62,100,2.44,BR,2022-04-07 14:35:53
414,Luoyang,34.6836,112.4536,61.36,56,0,4.0,CN,2022-04-07 14:35:53
415,Vestmanna,62.1564,-7.1664,36.52,60,75,28.77,FO,2022-04-07 14:35:54
416,Gamba,-2.65,10.0,83.41,73,91,11.25,GA,2022-04-07 14:35:54
417,Vila Velha,-20.3297,-40.2925,84.15,73,40,14.97,BR,2022-04-07 14:35:54
418,Cockburn Town,21.4612,-71.1419,78.76,73,40,13.8,TC,2022-04-07 14:35:55
419,Asino,56.9979,86.1452,33.8,89,92,10.89,RU,2022-04-07 14:35:55
420,Moron,-34.6534,-58.6198,77.81,72,0,5.44,AR,2022-04-07 14:36:55
421,Dingle,10.9995,122.6711,74.16,95,100,6.67,PH,2022-04-07 14:36:56
422,Tevaitoa,-16.7833,-151.5,82.09,76,22,18.54,PF,2022-04-07 14:36:56
423,Leoben,47.3461,15.1257,59.81,58,87,6.24,AT,2022-04-07 14:36:56
424,Jiazi,22.8779,116.067,69.13,59,59,15.3,CN,2022-04-07 14:36:57
425,Wilmington,34.2257,-77.9447,72.0,91,20,12.66,US,2022-04-07 14:32:22
426,Ovalle,-30.5983,-71.2003,79.41,31,0,4.03,CL,2022-04-07 14:36:57
427,Kilinochchi,9.3961,80.3982,82.11,73,92,6.6,LK,2022-04-07 14:36:57
428,Touros,-5.1989,-35.4608,87.13,62,48,14.38,BR,2022-04-07 14:36:58
429,Green River,41.5286,-109.4662,33.19,50,0,1.01,US,2022-04-07 14:36:58
430,Mount Isa,-20.7333,139.5,76.77,19,1,10.36,AU,2022-04-07 14:36:58
431,Pointe-Noire,-4.7761,11.8635,82.58,74,73,9.15,CG,2022-04-07 14:36:59
432,Yazman,29.1212,71.7446,91.15,6,0,1.16,PK,2022-04-07 14:36:59
433,Yar-Sale,66.8333,70.8333,0.9,96,100,8.37,RU,2022-04-07 14:36:59
434,Nurlat,54.4277,50.8051,28.02,94,38,5.17,RU,2022-04-07 14:37:00
435,Svetlogorsk,52.6333,29.7333,59.9,60,93,11.99,BY,2022-04-07 14:37:00
436,Thinadhoo,0.5333,72.9333,83.46,66,9,3.31,MV,2022-04-07 14:37:00
437,Nouakchott,18.0858,-15.9785,94.93,33,5,12.39,MR,2022-04-07 14:37:01
438,Ambilobe,-13.2,49.05,77.05,90,100,2.13,MG,2022-04-07 14:37:01
439,Ruthin,53.1137,-3.3178,46.36,86,82,8.01,GB,2022-04-07 14:37:01
440,Stupino,54.9008,38.0708,41.45,99,100,13.2,RU,2022-04-07 14:37:02
441,Naron,43.5167,-8.1528,57.04,86,100,21.47,ES,2022-04-07 14:33:52
442,Nelson Bay,-32.7167,152.15,71.01,88,84,18.01,AU,2022-04-07 14:37:02
443,Kasli,55.8909,60.7616,29.52,87,62,5.93,RU,2022-04-07 14:37:02
444,Acarau,-2.8856,-40.12,84.25,71,80,13.27,BR,2022-04-07 14:37:03
445,Steti,50.453,14.3742,61.99,67,100,23.09,CZ,2022-04-07 14:37:03
446,Neftcala,39.3742,49.2472,52.18,69,100,8.43,AZ,2022-04-07 14:37:03
447,Huarmey,-10.0681,-78.1522,73.36,76,28,9.84,PE,2022-04-07 14:37:04
448,Asau,46.4333,26.4,60.96,31,100,5.14,RO,2022-04-07 14:37:04
449,Frederikshavn,57.4407,10.5366,43.29,83,98,8.66,DK,2022-04-07 14:37:04
450,Port Maria,18.3685,-76.8895,88.05,75,85,7.85,JM,2022-04-07 14:37:05
451,Ternate,0.8,127.4,81.34,80,97,8.12,ID,2022-04-07 14:37:05
452,Broome,42.2506,-75.833,50.38,85,100,11.5,US,2022-04-07 14:37:05
453,Palmer,42.1584,-72.3287,53.82,58,100,9.22,US,2022-04-07 14:37:06
454,Shahr-E Babak,30.1165,55.1186,73.74,11,91,14.83,IR,2022-04-07 14:37:06
455,Tiznit,29.5833,-9.5,67.06,41,0,12.12,MA,2022-04-07 14:37:06
456,Katsuura,35.1333,140.3,61.32,75,0,22.3,JP,2022-04-07 14:37:07
457,Girne,35.3417,33.3167,76.55,63,24,5.03,CY,2022-04-07 14:37:07
458,Carbonia,39.1672,8.5222,67.01,79,2,15.08,IT,2022-04-07 14:37:07
459,Fengcheng,40.4536,124.0717,45.23,33,0,2.17,CN,2022-04-07 14:37:08
460,Killarney,52.05,-9.5167,50.05,57,75,12.66,IE,2022-04-07 14:37:08
461,Adrar,20.5022,-10.0711,90.7,11,0,14.38,MR,2022-04-07 14:37:08
462,Saint-Leu,-21.15,55.2833,77.86,78,72,9.82,RE,2022-04-07 14:37:09
463,Biltine,14.5333,20.9167,106.16,6,6,7.9,TD,2022-04-07 14:38:09
464,Mega,4.05,38.3,71.11,43,100,13.31,ET,2022-04-07 14:38:09
465,Acari,-15.4311,-74.6158,78.44,58,34,7.31,PE,2022-04-07 14:38:09
466,Batemans Bay,-35.7167,150.1833,63.1,89,100,5.3,AU,2022-04-07 14:38:10
467,Ipixuna,-1.7625,-48.8043,84.9,73,58,1.23,BR,2022-04-07 14:38:10
468,Rock Springs,41.5875,-109.2029,32.23,45,0,4.61,US,2022-04-07 14:35:05
469,Vinukonda,16.05,79.75,82.96,58,53,9.98,IN,2022-04-07 14:38:11
470,Bubaque,11.2833,-15.8333,77.32,70,99,12.64,GW,2022-04-07 14:38:11
471,Zyryanka,65.75,150.85,-10.16,100,100,1.61,RU,2022-04-07 14:38:11
472,San Felipe,10.3399,-68.7425,87.13,56,100,2.75,VE,2022-04-07 14:38:11
473,Tarauaca,-8.1614,-70.7656,80.8,84,100,0.89,BR,2022-04-07 14:38:12
474,Ferme-Neuve,46.7001,-75.4493,39.58,95,100,12.28,CA,2022-04-07 14:38:12
475,Dudinka,69.4058,86.1778,20.62,97,100,6.22,RU,2022-04-07 14:38:12
476,Santa Maria,-29.6842,-53.8069,65.5,100,100,3.44,BR,2022-04-07 14:38:13
477,Alta Floresta,-9.8756,-56.0861,91.22,62,40,4.61,BR,2022-04-07 14:38:13
478,Elk City,35.412,-99.4043,50.22,32,0,25.32,US,2022-04-07 14:38:13
479,Chipoka,-13.9933,34.5157,78.89,76,85,3.04,MW,2022-04-07 14:38:13
480,Odweyne,9.4092,45.064,84.51,23,97,10.6,SO,2022-04-07 14:38:14
481,Ilulissat,69.2167,-51.1,21.22,79,75,0.0,GL,2022-04-07 14:38:14
482,Wanaka,-44.7,169.15,39.11,84,1,4.16,NZ,2022-04-07 14:38:14
483,Villa Guerrero,18.8667,-99.65,72.27,25,25,4.41,MX,2022-04-07 14:38:15
484,Manjacaze,-24.7117,33.8828,77.67,75,59,14.41,MZ,2022-04-07 14:38:15
485,Charters Towers,-20.1,146.2667,71.64,81,12,7.81,AU,2022-04-07 14:36:09
486,Bagdarin,54.4333,113.6,33.85,70,44,16.13,RU,2022-04-07 14:35:02
487,Sistranda,63.7256,8.834,40.96,61,20,19.75,NO,2022-04-07 14:34:06
488,Swellendam,-34.0226,20.4417,61.16,60,97,7.11,ZA,2022-04-07 14:38:16
489,Henties Bay,-22.116,14.2845,64.4,76,4,11.01,NA,2022-04-07 14:38:16
490,Isangel,-19.55,169.2667,79.36,81,100,11.88,VU,2022-04-07 14:38:16
491,Kjopsvik,68.097,16.3742,38.17,65,99,4.21,NO,2022-04-07 14:38:17
492,Centralia,46.7162,-122.9543,40.24,100,0,0.0,US,2022-04-07 14:37:31
493,Hit,33.6416,42.8251,85.17,15,29,18.75,IQ,2022-04-07 14:38:17
494,Tangkak,2.2673,102.5453,78.67,95,100,1.72,MY,2022-04-07 14:38:17
495,Isabela,6.7085,121.9711,78.53,87,98,9.57,PH,2022-04-07 14:38:18
496,Pilar,-9.5972,-35.9567,84.13,59,57,8.68,BR,2022-04-07 14:38:18
497,Olga,43.7444,135.2892,29.95,89,12,4.79,RU,2022-04-07 14:38:18
498,Oktyabrskiy,54.4815,53.471,32.18,89,79,8.59,RU,2022-04-07 14:36:20
499,Vostok,46.4856,135.8833,20.75,83,100,4.23,RU,2022-04-07 14:38:19
500,Chokwe,-24.5333,32.9833,80.17,62,64,16.33,MZ,2022-04-07 14:38:19
501,Codajas,-3.8367,-62.0569,88.34,58,44,3.87,BR,2022-04-07 14:38:19
502,San Francisco,37.7749,-122.4194,66.18,65,40,10.0,US,2022-04-07 14:37:04
503,Songjianghe,42.1859,127.479,24.03,47,5,5.66,CN,2022-04-07 14:38:20
504,Yerofey Pavlovich,53.9667,121.9667,20.5,92,100,2.8,RU,2022-04-07 14:38:20
505,Gore,-46.1028,168.9436,43.38,81,76,5.68,NZ,2022-04-07 14:38:20
506,Khani,41.9563,42.9566,53.17,97,99,6.71,GE,2022-04-07 14:38:21
507,Weligama,5.9667,80.4167,79.34,84,90,5.61,LK,2022-04-07 14:38:21
508,Seydi,39.4816,62.9137,78.8,20,100,10.0,TM,2022-04-07 14:38:21
509,Gobabis,-22.45,18.9667,83.5,20,84,3.27,NA,2022-04-07 14:39:22
510,Kutum,14.2,24.6667,94.48,6,4,12.21,SD,2022-04-07 14:39:22
511,Jiuquan,39.7432,98.5174,62.33,10,92,16.87,CN,2022-04-07 14:39:22
512,Esperance,-33.8667,121.9,64.24,64,43,17.16,AU,2022-04-07 14:37:28
513,Tuatapere,-46.1333,167.6833,48.42,76,76,7.92,NZ,2022-04-07 14:39:23
514,Nabire,-3.3667,135.4833,76.64,91,100,4.14,ID,2022-04-07 14:39:23
515,Altamont,42.2068,-121.7372,30.04,86,0,0.0,US,2022-04-07 14:39:23
516,Singapore,1.2897,103.8501,80.55,86,75,3.44,SG,2022-04-07 14:38:49
517,Saint-Pierre,-21.3393,55.4781,78.48,76,0,19.57,RE,2022-04-07 14:39:24
518,Dinan,48.4167,-2.25,56.75,56,99,18.01,FR,2022-04-07 14:39:24
519,Xuddur,4.1213,43.8894,92.12,21,90,12.08,SO,2022-04-07 14:39:24
520,Mindelo,16.8901,-24.9804,76.55,53,20,28.77,CV,2022-04-07 14:39:25
521,Deloraine,-41.5333,146.6667,47.19,15,8,2.06,AU,2022-04-07 14:39:25
522,Morgan City,29.6994,-91.2068,66.0,48,0,11.5,US,2022-04-07 14:39:25
523,Davidson,36.1501,-86.7833,54.12,65,20,10.36,US,2022-04-07 14:39:25
524,Usinsk,65.9939,57.5281,12.18,88,100,14.32,RU,2022-04-07 14:39:26
525,Krylovskaya,46.3194,39.9711,60.06,50,36,10.47,RU,2022-04-07 14:39:26
526,Villa Carlos Paz,-31.4241,-64.4978,78.06,59,0,7.56,AR,2022-04-07 14:36:58
527,Gavrilovka Vtoraya,52.877,42.7663,45.52,91,100,9.08,RU,2022-04-07 14:39:27
528,Mokrousovo,55.8103,66.7653,37.17,96,100,10.92,RU,2022-04-07 14:39:27
529,Gunjur,13.2019,-16.7339,79.14,51,62,16.98,GM,2022-04-07 14:39:27
530,Mitsamiouli,-11.3847,43.2844,83.14,72,34,2.01,KM,2022-04-07 14:39:27
531,Bone,51.9669,12.1396,51.82,85,71,19.44,DE,2022-04-07 14:39:28
532,Tecoanapa,16.5167,-98.75,80.46,62,100,0.92,MX,2022-04-07 14:39:28
533,Pangody,65.85,74.4859,-1.8,99,100,8.5,RU,2022-04-07 14:39:28
534,Julio De Castilhos,-29.2269,-53.6817,65.57,96,100,5.37,BR,2022-04-07 14:39:29
535,Atar,20.5169,-13.0499,93.61,10,0,12.91,MR,2022-04-07 14:39:29
536,Vila Franca Do Campo,37.7167,-25.4333,63.01,88,100,22.08,PT,2022-04-07 14:39:29
537,Kabare,-2.4683,28.8242,65.17,93,82,2.44,CD,2022-04-07 14:39:30
538,Kitimat,54.0524,-128.6534,34.18,99,100,2.89,CA,2022-04-07 14:39:30
539,Talara,-4.5772,-81.2719,75.96,64,40,20.71,PE,2022-04-07 14:39:30
540,Altay,47.8667,88.1167,48.54,49,19,9.4,CN,2022-04-07 14:39:31
541,Torbay,47.6666,-52.7314,37.27,94,100,16.11,CA,2022-04-07 14:39:31
542,Aswan,24.0934,32.907,103.84,6,2,21.41,EG,2022-04-07 14:39:31
543,Brigantine,39.4101,-74.3646,49.03,100,100,16.11,US,2022-04-07 14:39:31
544,Montrose,38.4166,-108.2673,31.44,22,0,4.63,US,2022-04-07 14:39:32
545,Broken Hill,-31.95,141.4333,60.51,59,61,6.91,AU,2022-04-07 14:39:32
546,Batagay-Alyta,67.8006,130.4114,-7.53,98,89,5.37,RU,2022-04-07 14:39:32
547,Mecca,21.4267,39.8261,95.11,14,0,13.27,SA,2022-04-07 14:38:13
548,Warrington,53.3925,-2.5802,46.33,83,75,24.16,GB,2022-04-07 14:39:33
549,Nenjiang,49.1833,125.2167,33.33,58,100,9.71,CN,2022-04-07 14:39:33
550,Skibbereen,51.55,-9.2667,49.1,53,75,20.2,IE,2022-04-07 14:39:33
551,Stornoway,58.2093,-6.3865,39.16,88,75,25.32,GB,2022-04-07 14:36:21
552,Olafsvik,64.8945,-23.7142,30.07,52,86,4.83,IS,2022-04-07 14:40:34
553,Irati,-25.4672,-50.6511,73.15,71,98,1.81,BR,2022-04-07 14:40:34
554,Ixtapa,20.7,-105.2,65.43,88,75,4.61,MX,2022-04-07 14:40:34
555,Nuuk,64.1835,-51.7216,25.41,93,75,5.75,GL,2022-04-07 14:40:34
556,Vanimo,-2.6741,141.3028,78.26,88,100,7.83,PG,2022-04-07 14:40:35
557,Half Moon Bay,37.4636,-122.4286,67.87,58,0,3.44,US,2022-04-07 14:40:35
558,Sao Joao Do Piaui,-8.3581,-42.2467,96.01,27,26,5.93,BR,2022-04-07 14:40:35
559,Suez,29.9737,32.5263,90.03,15,96,9.08,EG,2022-04-07 14:39:50
560,Warmbad,-28.45,18.7333,75.72,22,25,7.7,NA,2022-04-07 14:40:36
561,Meulaboh,4.1363,96.1285,76.51,88,100,6.24,ID,2022-04-07 14:38:41
562,Hambantota,6.1241,81.1185,77.34,100,75,5.75,LK,2022-04-07 14:40:36
563,La Asuncion,11.0333,-63.8628,82.13,74,98,17.27,VE,2022-04-07 14:40:36
564,Altagracia De Orituco,9.8601,-66.3814,89.8,37,53,6.4,VE,2022-04-07 14:40:37
565,Puerto Escondido,15.85,-97.0667,77.83,83,0,2.3,MX,2022-04-07 14:40:37
566,Radford,37.1318,-80.5764,55.0,93,100,5.75,US,2022-04-07 14:40:37
567,Tambacounda,13.7539,-13.7586,105.85,20,0,9.22,SN,2022-04-07 14:40:38
568,Maiduguri,11.8464,13.1603,109.47,6,17,13.94,NG,2022-04-07 14:40:38
569,Ahipara,-35.1667,173.1667,57.49,78,1,6.29,NZ,2022-04-07 14:40:38
570,Nouadhibou,20.931,-17.0347,84.18,20,0,24.16,MR,2022-04-07 14:40:38
571,Mocuba,-16.8392,36.9856,79.02,87,72,4.99,MZ,2022-04-07 14:40:39
572,Sibiti,-3.6819,13.3499,81.61,74,98,1.88,CG,2022-04-07 14:40:39
573,Yaan,7.3833,8.5667,103.39,24,98,3.98,NG,2022-04-07 14:40:39
574,Camacupa,-12.0167,17.4833,75.0,72,74,1.92,AO,2022-04-07 14:40:40
575,Jumla,29.2747,82.1838,50.43,41,0,5.46,NP,2022-04-07 14:40:40
576,Yarqa,31.9785,35.6947,78.31,29,54,4.54,JO,2022-04-07 14:40:40
577,Coihaique,-45.5752,-72.0662,45.21,87,100,3.44,CL,2022-04-07 14:40:41
578,Crotone,39.0851,17.1178,67.95,39,0,14.97,IT,2022-04-07 14:40:41
579,Doha,25.2867,51.5333,100.71,41,0,5.75,QA,2022-04-07 14:40:19
580,Solnechnyy,50.7214,136.6319,16.52,81,98,5.35,RU,2022-04-07 14:40:41
581,Hervey Bay,-25.2986,152.8535,70.02,91,15,10.0,AU,2022-04-07 14:40:42
582,Anupgarh,29.1911,73.2086,91.9,7,0,1.9,IN,2022-04-07 14:40:42
583,Sibu,2.3,111.8167,73.71,100,40,3.44,MY,2022-04-07 14:38:18
584,Coahuayana,18.7333,-103.6833,77.97,57,6,2.42,MX,2022-04-07 14:40:42
585,Progreso,21.2833,-89.6667,80.71,60,93,7.4,MX,2022-04-07 14:39:22
586,Angoram,-4.0625,144.0661,74.62,98,100,2.66,PG,2022-04-07 14:40:43
587,Gorontalo,0.5412,123.0595,74.98,91,48,1.92,ID,2022-04-07 14:40:43
588,Banswada,18.3833,77.8833,97.05,16,81,6.8,IN,2022-04-07 14:40:43
589,Dakoro,14.5106,6.765,107.35,4,36,5.66,NE,2022-04-07 14:40:44
590,Marivan,35.5219,46.176,59.74,50,16,11.68,IR,2022-04-07 14:40:44
591,Peterhead,57.5058,-1.7981,44.67,72,90,22.3,GB,2022-04-07 14:39:12
592,Bondo,3.8146,23.6866,91.56,38,78,3.85,CD,2022-04-07 14:40:44
593,Scarborough,54.2797,-0.4044,42.78,85,100,8.01,GB,2022-04-07 14:39:34
594,Ennis,52.8436,-8.9864,44.53,81,40,20.71,IE,2022-04-07 14:40:45
595,Christchurch,-43.5333,172.6333,43.95,87,2,1.14,NZ,2022-04-07 14:40:45
596,Zabid,14.1951,43.3152,86.92,50,0,10.11,YE,2022-04-07 14:40:45
597,Sokoni,-6.4333,39.55,89.46,69,4,10.13,TZ,2022-04-07 14:40:45
598,Port Moresby,-9.4431,147.1797,76.53,85,69,4.59,PG,2022-04-07 14:40:46
599,Matamoros,25.5333,-103.25,67.26,20,36,14.54,MX,2022-04-07 14:41:46
600,Miramar,25.9873,-80.2323,87.03,73,20,18.41,US,2022-04-07 14:38:16
601,Bahadurganj,26.2667,87.8167,86.09,46,5,10.29,IN,2022-04-07 14:41:46
602,Mayumba,-3.432,10.6554,80.96,82,98,9.86,GA,2022-04-07 14:41:47
603,Kulachi,31.9286,70.4592,92.95,7,0,7.76,PK,2022-04-07 14:41:47
604,Ingham,42.6,-84.3833,44.91,84,100,8.05,US,2022-04-07 14:41:47
605,Chenghai,23.4632,116.768,69.71,49,0,4.47,CN,2022-04-07 14:41:48
606,Mariental,-24.6333,17.9667,85.19,15,63,3.89,NA,2022-04-07 14:41:48
607,Ranikhet,29.65,79.4167,61.66,18,0,3.11,IN,2022-04-07 14:41:48
608,Khamanon,30.8186,76.3508,85.33,11,0,7.47,IN,2022-04-07 14:41:49
609,Sogne,58.0833,7.8167,40.69,78,100,24.7,NO,2022-04-07 14:41:49
610,Smithers,54.7804,-127.1743,32.32,100,100,0.0,CA,2022-04-07 14:41:49
611,Hella,67.2,14.4333,39.06,49,0,3.44,NO,2022-04-07 14:41:49
612,Iskateley,67.6803,53.1512,9.73,89,100,8.19,RU,2022-04-07 14:41:50
613,Vakhrushev,48.9833,142.9667,31.68,78,95,13.0,RU,2022-04-07 14:41:50
614,Lastoursville,-0.8143,12.7287,90.7,52,58,2.28,GA,2022-04-07 14:41:50
615,Aykhal,66.0,111.5,13.93,95,100,10.76,RU,2022-04-07 14:41:51
616,Mizan Teferi,6.9833,35.5833,75.58,53,99,1.68,ET,2022-04-07 14:41:51
617,Junagarh,19.8667,82.9333,92.43,17,70,3.67,IN,2022-04-07 14:41:51
618,Kysyl-Syr,63.8986,122.7617,-6.2,100,95,4.0,RU,2022-04-07 14:41:52
619,Bulgan,48.8125,103.5347,52.92,31,100,11.43,MN,2022-04-07 14:41:52
620,Dotnuva,55.35,23.9,61.02,69,100,13.67,LT,2022-04-07 14:41:52
621,Kyzyl-Suu,42.3414,78.0056,52.3,43,33,7.38,KG,2022-04-07 14:41:52
622,Namatanai,-3.6667,152.4333,78.15,86,100,4.54,PG,2022-04-07 14:41:53
623,Ginir,7.1333,40.7,72.88,31,87,14.34,ET,2022-04-07 14:41:53
624,Bathsheba,13.2167,-59.5167,86.61,58,20,19.57,BB,2022-04-07 14:41:53
625,Muzhi,65.3667,64.6667,9.34,96,99,3.56,RU,2022-04-07 14:41:54
626,Mayahi,13.9553,7.6712,107.94,4,6,4.27,NE,2022-04-07 14:41:54
627,Lethem,3.3803,-59.7968,89.85,48,63,9.86,GY,2022-04-07 14:41:54
628,Tondano,1.3038,124.9112,71.69,94,30,0.4,ID,2022-04-07 14:41:54
629,Biak,-0.9131,122.8766,75.92,84,75,0.96,ID,2022-04-07 14:41:55
630,Cruzeiro Do Sul,-29.5128,-51.9853,74.52,88,100,1.77,BR,2022-04-07 14:41:55
631,Lukovetskiy,64.2956,41.9211,31.57,76,3,4.5,RU,2022-04-07 14:41:55
632,Lavrentiya,65.5833,-171.0,-11.47,97,100,6.2,RU,2022-04-07 14:41:56
633,Pinega,64.7001,43.3936,31.19,83,66,2.01,RU,2022-04-07 14:41:56
634,Iracoubo,5.4802,-53.2011,79.41,86,76,9.33,GF,2022-04-07 14:41:56
635,Gryazi,52.4966,39.9359,53.26,67,100,12.35,RU,2022-04-07 14:41:57
636,Camalu,30.85,-116.0667,71.29,38,1,2.28,MX,2022-04-07 14:41:57
637,Salamiyah,35.0113,37.0532,68.59,47,31,15.3,SY,2022-04-07 14:41:57
638,Knysna,-34.0363,23.0471,62.22,61,15,9.19,ZA,2022-04-07 14:41:57
639,Salvador,13.8333,-88.9167,81.05,46,49,1.28,SV,2022-04-07 14:41:58
640,Shostka,51.863,33.4698,58.5,54,99,15.97,UA,2022-04-07 14:37:55
641,Maldonado,-34.6667,-54.9167,71.22,46,82,5.1,UY,2022-04-07 14:41:58
642,Athabasca,54.7169,-113.2854,27.01,71,100,8.34,CA,2022-04-07 14:37:25
643,Jalu,29.0331,21.5482,91.74,14,0,23.22,LY,2022-04-07 14:41:59
644,Rock Sound,24.9,-76.2,78.42,77,3,16.35,BS,2022-04-07 14:41:59
645,Kichmengskiy Gorodok,59.9816,45.7854,29.37,87,77,2.91,RU,2022-04-07 14:41:59
646,Rapid Valley,44.0625,-103.1463,38.32,61,75,47.18,US,2022-04-07 14:37:40
647,Egvekinot,66.3167,-179.1667,-11.29,98,100,1.97,RU,2022-04-07 14:43:00
648,Lobito,-12.3481,13.5456,78.66,79,35,7.07,AO,2022-04-07 14:43:00
649,Lixourion,38.2019,20.4314,66.2,77,20,9.22,GR,2022-04-07 14:43:00
650,Sola,-13.8833,167.55,81.97,76,100,9.06,VU,2022-04-07 14:43:00
651,Harper,4.375,-7.7169,84.83,67,100,8.21,LR,2022-04-07 14:43:01
652,Port Macquarie,-31.4333,152.9167,65.89,82,63,10.11,AU,2022-04-07 14:43:01
653,Areia Branca,-4.9561,-37.1369,93.4,60,26,13.82,BR,2022-04-07 14:43:01
654,Frolovo,49.7713,43.6622,58.44,48,86,10.45,RU,2022-04-07 14:43:02
655,Veraval,20.9,70.3667,86.86,50,96,13.73,IN,2022-04-07 14:40:12
656,Kieta,-6.2167,155.6333,76.8,96,100,6.98,PG,2022-04-07 14:43:02
657,Belyy Yar,53.6039,91.3903,46.29,31,0,4.47,RU,2022-04-07 14:43:02
658,La Ciotat,43.1748,5.6045,62.85,63,22,22.59,FR,2022-04-07 14:43:03
659,Pipar,26.3856,73.5378,91.72,7,0,4.81,IN,2022-04-07 14:43:03
660,Suraabad,40.8192,49.4687,50.81,71,100,8.39,AZ,2022-04-07 14:43:03
661,Capaci,38.1711,13.2393,65.25,72,0,18.41,IT,2022-04-07 14:43:04
662,Yeppoon,-23.1333,150.7333,73.18,75,61,17.27,AU,2022-04-07 14:43:04
663,Nalgonda,17.05,79.2667,92.44,29,8,10.87,IN,2022-04-07 14:43:04
664,Minot,48.2325,-101.2963,34.02,69,100,26.46,US,2022-04-07 14:43:04
665,Macenta,8.5435,-9.471,91.67,40,100,0.74,GN,2022-04-07 14:43:05
666,Celestun,20.8667,-90.4,83.01,68,84,6.42,MX,2022-04-07 14:43:05
667,Kharitonovo,61.4009,47.4978,29.79,89,19,3.2,RU,2022-04-07 14:43:05
668,Polunochnoye,60.8697,60.4153,29.98,82,100,10.11,RU,2022-04-07 14:43:06
669,Rawson,-43.3002,-65.1023,55.89,79,100,14.27,AR,2022-04-07 14:43:06
670,Ranfurly,-45.1333,170.1,33.1,95,4,3.29,NZ,2022-04-07 14:43:06
671,Imeni Poliny Osipenko,52.4201,136.4853,9.37,97,98,0.54,RU,2022-04-07 14:43:07
672,Haines Junction,60.7522,-137.5108,21.15,86,100,1.14,CA,2022-04-07 14:43:07
673,Praia Da Vitoria,38.7333,-27.0667,64.65,94,75,24.99,PT,2022-04-07 14:43:07
674,Alcudia,39.8532,3.1214,69.69,54,5,19.01,ES,2022-04-07 14:43:08
675,Guayape,14.7167,-86.8333,82.4,50,27,3.76,HN,2022-04-07 14:43:08
676,Gazanjyk,39.2446,55.5154,75.33,25,100,8.9,TM,2022-04-07 14:43:08
677,Porto Nacional,-10.7081,-48.4172,86.0,55,75,2.98,BR,2022-04-07 14:43:08
678,Guiren,33.6697,118.1889,60.24,84,0,4.79,CN,2022-04-07 14:43:09
679,Sioux Lookout,50.1001,-91.917,24.87,68,100,16.11,CA,2022-04-07 14:42:20
680,Zaton,53.2936,83.8072,44.19,49,0,6.71,RU,2022-04-07 14:43:09
681,Siderno,38.2779,16.302,56.44,74,12,20.67,IT,2022-04-07 14:43:09
682,Chicama,-7.8447,-79.1469,63.14,69,92,7.99,PE,2022-04-07 14:43:10
683,Nynashamn,58.9034,17.9479,35.17,98,100,15.23,SE,2022-04-07 14:43:10
684,Hoquiam,46.9809,-123.8893,48.99,75,0,13.8,US,2022-04-07 14:38:39
685,Qui Nhon,13.7667,109.2333,74.16,78,96,16.67,VN,2022-04-07 14:43:10
686,Ribas Do Rio Pardo,-20.4431,-53.7592,87.64,55,86,7.87,BR,2022-04-07 14:43:11
687,Beisfjord,68.3751,17.5988,35.65,81,100,5.23,NO,2022-04-07 14:43:11
688,Salto,-31.3833,-57.9667,73.56,83,100,4.61,UY,2022-04-07 14:43:11
689,Nosy Varika,-20.5833,48.5333,78.67,83,11,4.76,MG,2022-04-07 14:43:12
690,Antofagasta,-23.65,-70.4,65.48,63,17,5.86,CL,2022-04-07 14:43:12
691,Semirom,31.4167,51.5667,55.38,27,5,22.55,IR,2022-04-07 14:43:12
692,Ghanzi,-21.5667,21.7833,86.34,22,29,6.69,BW,2022-04-07 14:43:13
693,Mafinga,-7.25,35.0667,80.69,52,32,4.16,TZ,2022-04-07 14:43:13
694,Kaeo,-35.1,173.7833,58.89,83,26,5.97,NZ,2022-04-07 14:43:13
695,Impfondo,1.6381,18.0667,91.0,44,85,2.95,CG,2022-04-07 14:43:14
696,Kirakira,-10.4544,161.9205,80.58,83,100,7.78,SB,2022-04-07 14:44:14
697,Rorvik,64.8621,11.2373,35.71,48,20,8.05,NO,2022-04-07 14:44:14
698,Sao Jose Da Coroa Grande,-8.8978,-35.1478,83.3,69,52,8.1,BR,2022-04-07 14:44:15
699,Kempele,64.9131,25.5034,36.12,69,0,9.22,FI,2022-04-07 14:44:15
700,Hami,42.8,93.45,69.8,12,5,7.49,CN,2022-04-07 14:44:15
701,Longjiang,47.3303,123.1836,41.61,26,100,11.83,CN,2022-04-07 14:44:16
702,Rouvroy,50.3925,2.904,55.36,60,35,27.07,FR,2022-04-07 14:44:16
703,Challans,46.8436,-1.8749,56.32,93,100,22.12,FR,2022-04-07 14:44:17
